GPS Time,Speed (OBD)(km/h),State of Charge (displayed)(%),Hybrid/EV Battery Pack Voltage(V),Hybrid/EV Battery Pack Current(A),Hybrid/EV Battery Pack Power(kW),Latitude,Longitude,Ambient air temp(degC),Battery Temp(degC),HVAC Power(kW),Odometer(km)
2025-01-06T12:53:03.975246Z,0.000,87.9500,392.871,27.2765,10.7161,43.945000,-78.896000,-11.90,2.46,4.15,84120.00000
2025-01-06T12:53:13.975246Z,12.924,87.8834,392.441,36.3612,14.2696,43.944843,-78.896391,-11.90,2.40,4.15,84120.03590
2025-01-06T12:53:23.975246Z,30.172,87.8010,393.835,44.7970,17.6426,43.944466,-78.897297,-11.90,2.35,4.15,84120.11971
2025-01-06T12:53:33.975246Z,50.259,87.6872,393.521,61.9307,24.3710,43.943846,-78.898810,-11.90,2.30,4.15,84120.25932
2025-01-06T12:53:43.975246Z,48.317,87.5713,392.815,63.2272,24.8366,43.943225,-78.900246,-11.90,2.25,4.15,84120.39354
2025-01-06T12:53:53.975246Z,51.611,87.4450,392.891,68.8546,27.0523,43.942581,-78.901795,-11.90,2.20,4.15,84120.53690
2025-01-06T12:54:03.975246Z,56.501,87.3169,392.776,69.8227,27.4247,43.941850,-78.903469,-11.90,2.15,4.15,84120.69385
2025-01-06T12:54:13.975246Z,55.412,87.1953,392.224,66.4298,26.0553,43.941134,-78.905112,-11.90,2.10,4.15,84120.84777
2025-01-06T12:54:23.975246Z,55.669,87.0821,391.983,61.8391,24.2399,43.940394,-78.906745,-11.90,2.05,4.15,84121.00241
2025-01-06T12:54:33.975246Z,56.289,86.9826,393.794,54.1351,21.3181,43.939655,-78.908403,-11.90,2.00,4.15,84121.15877
2025-01-06T12:54:43.975246Z,50.677,86.9026,392.512,43.6795,17.1447,43.938982,-78.909890,-11.90,1.95,4.15,84121.29954
2025-01-06T12:54:53.975246Z,49.392,86.8415,392.706,33.3129,13.0822,43.938311,-78.911326,-11.90,1.90,4.15,84121.43673
2025-01-06T12:55:03.975246Z,52.913,86.7911,391.846,27.5462,10.7939,43.937570,-78.912843,-11.90,1.85,4.15,84121.58372
2025-01-06T12:55:13.975246Z,46.950,86.8691,393.065,-42.5311,-16.7175,43.936906,-78.914183,-11.90,1.80,4.15,84121.71413
2025-01-06T12:55:23.975246Z,43.472,86.9480,392.130,-43.0709,-16.8894,43.936293,-78.915426,-11.90,1.75,4.15,84121.83489
2025-01-06T12:55:33.975246Z,42.064,87.0267,392.266,-42.9962,-16.8659,43.935686,-78.916615,-11.90,1.70,4.15,84121.95173
2025-01-06T12:55:43.975246Z,41.329,87.1032,391.948,-41.7654,-16.3699,43.935103,-78.917797,-11.90,1.65,4.15,84122.06653
2025-01-06T12:55:53.975246Z,42.030,87.1823,392.727,-43.1906,-16.9621,43.934503,-78.918992,-11.90,1.60,4.15,84122.18328
2025-01-06T12:56:03.975246Z,38.801,87.2514,392.555,-37.6988,-14.7989,43.933965,-78.920109,-11.90,1.55,4.15,84122.29107
2025-01-06T12:56:13.975246Z,40.502,87.2033,393.667,26.1977,10.3132,43.933401,-78.921274,-11.90,1.50,4.15,84122.40357
2025-01-06T12:56:23.975246Z,36.777,87.1440,393.487,32.2619,12.6947,43.932877,-78.922320,-11.90,1.45,4.15,84122.50573
2025-01-06T12:56:33.975246Z,37.089,87.0717,391.958,39.5286,15.4936,43.932338,-78.923364,-11.90,1.40,4.15,84122.60876
2025-01-06T12:56:43.975246Z,38.761,86.9847,393.434,47.3764,18.6395,43.931759,-78.924440,-11.90,1.35,4.15,84122.71642
2025-01-06T12:56:53.975246Z,43.641,86.8824,392.095,55.8697,21.9062,43.931091,-78.925635,-11.90,1.30,4.15,84122.83765
2025-01-06T12:57:03.975246Z,45.547,86.7656,392.841,63.7075,25.0269,43.930409,-78.926897,-11.90,1.26,4.15,84122.96417
2025-01-06T12:57:13.975246Z,50.414,86.6409,392.983,67.9554,26.7054,43.929647,-78.928286,-11.90,1.21,4.15,84123.10421
2025-01-06T12:57:23.975246Z,47.869,86.5199,391.969,66.1064,25.9117,43.928908,-78.929590,-11.90,1.17,4.15,84123.23717
2025-01-06T12:57:33.975246Z,53.432,86.3994,392.281,65.8170,25.8187,43.928080,-78.931041,-11.90,1.12,4.15,84123.38560
2025-01-06T12:57:43.975246Z,55.700,86.2881,391.999,60.8142,23.8391,43.927203,-78.932537,-11.90,1.08,4.15,84123.54032
2025-01-06T12:57:53.975246Z,63.049,86.1782,391.684,60.0806,23.5326,43.926225,-78.934249,-11.90,1.03,4.15,84123.71546
2025-01-06T12:58:03.975246Z,63.310,86.0806,392.560,53.2841,20.9172,43.925274,-78.936000,-11.90,0.99,4.15,84123.89132
2025-01-06T12:58:13.975246Z,68.507,85.9930,391.936,47.8400,18.7502,43.924233,-78.937882,-11.90,0.94,4.15,84124.08162
2025-01-06T12:58:23.975246Z,67.225,85.9210,392.698,39.3177,15.4400,43.923183,-78.939699,-11.90,0.89,4.15,84124.26835
2025-01-06T12:58:33.975246Z,67.083,86.0206,392.325,-54.3968,-21.3412,43.922150,-78.941528,-11.90,0.85,4.15,84124.45469
2025-01-06T12:58:43.975246Z,73.283,86.1282,391.705,-58.8473,-23.0508,43.921009,-78.943512,-11.90,0.80,4.15,84124.65826
2025-01-06T12:58:53.975246Z,72.995,86.2393,393.287,-60.5038,-23.7953,43.919870,-78.945485,-11.90,0.76,4.15,84124.86102
2025-01-06T12:59:03.975246Z,67.422,86.3380,392.719,-53.8513,-21.1485,43.918818,-78.947308,-11.90,0.72,4.15,84125.04831
2025-01-06T12:59:13.975246Z,70.773,86.4469,392.417,-59.4213,-23.3179,43.917686,-78.949190,-11.90,0.67,4.15,84125.24490
2025-01-06T12:59:23.975246Z,65.214,86.5501,391.991,-56.4223,-22.1170,43.916659,-78.950942,-11.90,0.63,4.15,84125.42605
2025-01-06T12:59:33.975246Z,67.468,86.4727,392.713,42.2397,16.5881,43.915586,-78.952743,-11.90,0.58,4.15,84125.61346
2025-01-06T12:59:43.975246Z,66.621,86.3840,392.662,48.3829,18.9981,43.914548,-78.954545,-11.90,0.54,4.15,84125.79852
2025-01-06T12:59:53.975246Z,61.834,86.2930,392.672,49.6594,19.4999,43.913590,-78.956225,-11.90,0.49,4.15,84125.97028
2025-01-06T13:00:03.975246Z,61.006,86.1865,391.607,58.2431,22.8084,43.912627,-78.957861,-11.90,0.45,4.15,84126.13974
2025-01-06T13:00:13.975246Z,58.481,86.0738,392.971,61.4001,24.1285,43.911695,-78.959420,-11.90,0.41,4.15,84126.30218
2025-01-06T13:00:23.975246Z,57.924,85.9465,392.259,69.5230,27.2710,43.910749,-78.960937,-11.90,0.37,4.15,84126.46309
2025-01-06T13:00:33.975246Z,54.757,85.8209,391.835,68.6801,26.9113,43.909869,-78.962387,-11.90,0.32,4.15,84126.61519
2025-01-06T13:00:43.975246Z,55.732,85.6900,393.117,71.2985,28.0286,43.908958,-78.963846,-11.90,0.28,4.15,84126.77000
2025-01-06T13:00:53.975246Z,51.693,85.5719,392.223,64.5028,25.2995,43.908124,-78.965211,-11.90,0.24,4.15,84126.91359
2025-01-06T13:01:03.975246Z,55.392,85.4565,391.312,63.1695,24.7190,43.907244,-78.966692,-11.90,0.20,4.15,84127.06746
2025-01-06T13:01:13.975246Z,52.805,85.3564,392.974,54.5543,21.4384,43.906396,-78.968091,-11.90,0.16,4.15,84127.21414
2025-01-06T13:01:23.975246Z,55.024,85.2688,392.424,47.8573,18.7803,43.905495,-78.969528,-11.90,0.11,4.15,84127.36698
2025-01-06T13:01:33.975246Z,57.041,85.1883,391.678,44.0257,17.2439,43.904570,-78.971030,-11.90,0.07,4.15,84127.52543
2025-01-06T13:01:43.975246Z,56.433,85.1258,391.813,34.1363,13.3751,43.903679,-78.972543,-11.90,0.03,4.15,84127.68219
2025-01-06T13:01:53.975246Z,63.301,85.2213,392.154,-52.1775,-20.4616,43.902702,-78.974266,-11.90,-0.02,4.15,84127.85802
2025-01-06T13:02:03.975246Z,64.441,85.3225,392.088,-55.2559,-21.6652,43.901700,-78.976012,-11.90,-0.06,4.15,84128.03703
2025-01-06T13:02:13.975246Z,70.142,85.4239,392.049,-55.4071,-21.7223,43.900633,-78.977937,-11.90,-0.10,4.15,84128.23187
2025-01-06T13:02:23.975246Z,70.176,85.5291,391.321,-57.5648,-22.5263,43.899539,-78.979834,-11.90,-0.14,4.15,84128.42680
2025-01-06T13:02:33.975246Z,71.742,85.6342,391.109,-57.5789,-22.5197,43.898454,-78.981811,-11.90,-0.18,4.15,84128.62608
2025-01-06T13:02:43.975246Z,74.509,85.7412,392.042,-58.4760,-22.9250,43.897310,-78.983845,-11.90,-0.22,4.15,84128.83305
2025-01-06T13:02:53.975246Z,80.839,85.6474,392.391,51.2329,20.1033,43.896104,-78.986089,-11.90,-0.26,4.15,84129.05761
2025-01-06T13:03:03.975246Z,78.604,85.5456,391.691,55.6404,21.7939,43.894954,-78.988294,-11.90,-0.30,4.15,84129.27595
2025-01-06T13:03:13.975246Z,77.590,85.4348,391.075,60.6929,23.7355,43.893821,-78.990472,-11.90,-0.34,4.15,84129.49148
2025-01-06T13:03:23.975246Z,79.358,85.3017,392.765,72.5890,28.5105,43.892688,-78.992726,-11.90,-0.38,4.15,84129.71192
2025-01-06T13:03:33.975246Z,81.899,85.1548,392.103,80.2524,31.4672,43.891559,-78.995090,-11.90,-0.42,4.15,84129.93942
2025-01-06T13:03:43.975246Z,78.758,85.0014,391.164,84.0110,32.8620,43.890456,-78.997346,-11.90,-0.45,4.15,84130.15819
2025-01-06T13:03:53.975246Z,77.740,84.8493,391.731,83.1545,32.5742,43.889395,-78.999600,-11.90,-0.49,4.15,84130.37413
2025-01-06T13:04:03.975246Z,72.502,84.7011,391.053,81.1999,31.7534,43.888420,-79.001715,-11.90,-0.53,4.15,84130.57553
2025-01-06T13:04:13.975246Z,72.335,84.5553,392.238,79.6041,31.2238,43.887441,-79.003818,-11.90,-0.56,4.15,84130.77646
2025-01-06T13:04:23.975246Z,72.790,84.4186,391.452,74.8143,29.2862,43.886475,-79.005953,-11.90,-0.60,4.15,84130.97865
2025-01-06T13:04:33.975246Z,69.287,84.2974,392.276,66.1817,25.9615,43.885541,-79.007972,-11.90,-0.64,4.15,84131.17111
2025-01-06T13:04:43.975246Z,63.762,84.1926,391.990,57.2346,22.4354,43.884705,-79.009850,-11.90,-0.68,4.15,84131.34823
2025-01-06T13:04:53.975246Z,61.914,84.1033,391.906,48.8108,19.1292,43.883880,-79.011663,-11.90,-0.72,4.15,84131.52021
2025-01-06T13:05:03.975246Z,63.693,84.0250,391.190,42.8718,16.7710,43.883017,-79.013514,-11.90,-0.76,4.15,84131.69714
2025-01-06T13:05:13.975246Z,59.754,84.1188,391.885,-51.2699,-20.0919,43.882188,-79.015233,-11.90,-0.80,4.15,84131.86312
2025-01-06T13:05:23.975246Z,60.272,84.2124,391.559,-51.1780,-20.0392,43.881327,-79.016944,-11.90,-0.84,4.15,84132.03054
2025-01-06T13:05:33.975246Z,60.092,84.3034,390.688,-49.8907,-19.4917,43.880456,-79.018637,-11.90,-0.87,4.15,84132.19746
2025-01-06T13:05:43.975246Z,57.470,84.3918,390.466,-48.4820,-18.9305,43.879649,-79.020282,-11.90,-0.91,4.15,84132.35710
2025-01-06T13:05:53.975246Z,61.049,84.4854,390.981,-51.2940,-20.0550,43.878812,-79.022048,-11.90,-0.95,4.15,84132.52669
2025-01-06T13:06:03.975246Z,63.318,84.5840,390.909,-54.0624,-21.1335,43.877923,-79.023860,-11.90,-0.99,4.15,84132.70257
2025-01-06T13:06:13.975246Z,63.493,84.6814,391.828,-53.2167,-20.8518,43.877061,-79.025704,-11.90,-1.03,4.15,84132.87894
2025-01-06T13:06:23.975246Z,64.690,84.6032,390.679,42.8715,16.7490,43.876176,-79.027577,-11.90,-1.07,4.15,84133.05863
2025-01-06T13:06:33.975246Z,65.490,84.5086,392.119,51.6800,20.2647,43.875280,-79.029473,-11.90,-1.10,4.15,84133.24055
2025-01-06T13:06:43.975246Z,67.836,84.3958,392.245,61.5841,24.1561,43.874338,-79.031424,-11.90,-1.14,4.15,84133.42898
2025-01-06T13:06:53.975246Z,75.386,84.2623,391.757,72.9885,28.5938,43.873253,-79.033555,-11.90,-1.17,4.15,84133.63839
2025-01-06T13:07:03.975246Z,75.778,84.1185,392.249,78.5556,30.8133,43.872171,-79.035707,-11.90,-1.21,4.15,84133.84888
2025-01-06T13:07:13.975246Z,75.186,83.9711,391.489,80.6185,31.5613,43.871064,-79.037807,-11.90,-1.24,4.15,84134.05773
2025-01-06T13:07:23.975246Z,77.711,83.8174,392.172,83.9828,32.9357,43.869886,-79.039945,-11.90,-1.28,4.15,84134.27360
2025-01-06T13:07:33.975246Z,82.967,83.6502,391.350,91.4960,35.8070,43.868600,-79.042195,-11.90,-1.31,4.15,84134.50406
2025-01-06T13:07:43.975246Z,83.516,83.4912,391.375,87.0132,34.0548,43.867273,-79.044424,-11.90,-1.34,4.15,84134.73605
2025-01-06T13:07:53.975246Z,78.650,83.3482,389.990,78.5594,30.6373,43.866061,-79.046564,-11.90,-1.38,4.15,84134.95452
2025-01-06T13:08:03.975246Z,80.552,83.2163,391.351,72.1765,28.2464,43.864852,-79.048792,-11.90,-1.41,4.15,84135.17828
2025-01-06T13:08:13.975246Z,79.843,83.0966,391.063,65.5758,25.6443,43.863674,-79.051021,-11.90,-1.44,4.15,84135.40006
2025-01-06T13:08:23.975246Z,78.136,82.9980,390.148,54.1178,21.1140,43.862492,-79.053171,-11.90,-1.48,4.15,84135.61711
2025-01-06T13:08:33.975246Z,76.316,82.9162,390.399,44.9162,17.5352,43.861322,-79.055254,-11.90,-1.52,4.15,84135.82910
2025-01-06T13:08:43.975246Z,74.981,83.0276,391.340,-60.9805,-23.8641,43.860146,-79.057273,-11.90,-1.55,4.15,84136.03738
2025-01-06T13:08:53.975246Z,70.760,83.1293,391.421,-55.6791,-21.7940,43.859046,-79.059188,-11.90,-1.59,4.15,84136.23393
2025-01-06T13:09:03.975246Z,64.309,83.2303,391.691,-55.2075,-21.6243,43.858019,-79.060899,-11.90,-1.62,4.15,84136.41257
2025-01-06T13:09:13.975246Z,65.277,83.3309,390.886,-55.1609,-21.5616,43.857000,-79.062661,-11.90,-1.66,4.15,84136.59389
2025-01-06T13:09:23.975246Z,63.066,83.4302,391.442,-54.3394,-21.2707,43.856013,-79.064361,-11.90,-1.69,4.15,84136.76908
2025-01-06T13:09:33.975246Z,61.290,83.5259,390.708,-52.4366,-20.4874,43.855047,-79.066005,-11.90,-1.73,4.15,84136.93932
2025-01-06T13:09:43.975246Z,56.467,83.4603,391.692,35.8444,14.0400,43.854183,-79.067548,-11.90,-1.76,4.15,84137.09618
2025-01-06T13:09:53.975246Z,55.345,83.3848,390.690,41.4013,16.1751,43.853330,-79.069054,-11.90,-1.80,4.15,84137.24991
2025-01-06T13:10:03.975246Z,52.966,83.2953,390.540,49.1047,19.1773,43.852494,-79.070475,-11.90,-1.84,4.15,84137.39704
2025-01-06T13:10:13.975246Z,53.423,83.1926,391.459,56.1970,21.9988,43.851649,-79.071904,-11.90,-1.87,4.15,84137.54544
2025-01-06T13:10:23.975246Z,56.637,83.0754,390.971,64.2291,25.1118,43.850761,-79.073429,-11.90,-1.90,4.15,84137.70276
2025-01-06T13:10:33.975246Z,56.779,82.9475,391.408,69.9576,27.3820,43.849882,-79.074969,-11.90,-1.93,4.15,84137.86048
2025-01-06T13:10:43.975246Z,54.613,82.8236,391.526,67.7745,26.5355,43.849026,-79.076440,-11.90,-1.97,4.15,84138.01218
2025-01-06T13:10:53.975246Z,58.528,82.6923,390.769,71.9842,28.1292,43.848107,-79.078014,-11.90,-2.00,4.15,84138.17476
2025-01-06T13:11:03.975246Z,62.990,82.5584,389.643,73.6102,28.6817,43.847096,-79.079682,-11.90,-2.03,4.15,84138.34973
2025-01-06T13:11:13.975246Z,61.632,82.4388,390.156,65.6683,25.6209,43.846078,-79.081281,-11.90,-2.06,4.15,84138.52093
2025-01-06T13:11:23.975246Z,66.579,82.3222,389.494,64.1170,24.9731,43.845006,-79.083041,-11.90,-2.10,4.15,84138.70587
2025-01-06T13:11:33.975246Z,69.842,82.2193,389.982,56.5416,22.0502,43.843851,-79.084851,-11.90,-2.13,4.15,84138.89988
2025-01-06T13:11:43.975246Z,67.055,82.1326,390.429,47.5570,18.5676,43.842758,-79.086607,-11.90,-2.16,4.15,84139.08614
2025-01-06T13:11:53.975246Z,70.629,82.0515,390.072,44.5094,17.3619,43.841627,-79.088481,-11.90,-2.20,4.15,84139.28234
2025-01-06T13:12:03.975246Z,70.408,82.1530,390.627,-55.6362,-21.7330,43.840490,-79.090338,-11.90,-2.23,4.15,84139.47792
2025-01-06T13:12:13.975246Z,72.441,82.2598,389.336,-58.7364,-22.8682,43.839303,-79.092228,-11.90,-2.26,4.15,84139.67914
2025-01-06T13:12:23.975246Z,69.467,82.3641,390.861,-57.1871,-22.3522,43.838176,-79.094053,-11.90,-2.29,4.15,84139.87211
2025-01-06T13:12:33.975246Z,70.530,82.4723,390.495,-59.3558,-23.1782,43.837056,-79.095936,-11.90,-2.33,4.15,84140.06802
2025-01-06T13:12:43.975246Z,69.850,82.5785,389.836,-58.3486,-22.7464,43.835942,-79.097795,-11.90,-2.36,4.15,84140.26205
2025-01-06T13:12:53.975246Z,65.619,82.6773,390.834,-54.1659,-21.1699,43.834903,-79.099548,-11.90,-2.39,4.15,84140.44432
2025-01-06T13:13:03.975246Z,67.433,82.6060,389.751,39.1874,15.2733,43.833867,-79.101386,-11.90,-2.42,4.15,84140.63164
2025-01-06T13:13:13.975246Z,65.800,82.5203,391.199,46.9433,18.3642,43.832833,-79.103155,-11.90,-2.46,4.15,84140.81441
2025-01-06T13:13:23.975246Z,59.244,82.4266,390.414,51.4244,20.0768,43.831930,-79.104777,-11.90,-2.49,4.15,84140.97898
2025-01-06T13:13:33.975246Z,54.658,82.3237,389.926,56.5150,22.0367,43.831106,-79.106284,-11.90,-2.52,4.15,84141.13081
2025-01-06T13:13:43.975246Z,50.858,82.2171,390.939,58.3838,22.8245,43.830323,-79.107668,-11.90,-2.55,4.15,84141.27208
2025-01-06T13:13:53.975246Z,47.885,82.1017,390.052,63.4079,24.7324,43.829592,-79.108979,-11.90,-2.58,4.15,84141.40509
2025-01-06T13:14:03.975246Z,50.038,81.9800,390.124,66.8017,26.0609,43.828843,-79.110364,-11.90,-2.61,4.15,84141.54409
2025-01-06T13:14:13.975246Z,45.276,81.8596,390.692,65.9894,25.7816,43.828176,-79.111628,-11.90,-2.64,4.15,84141.66986
2025-01-06T13:14:23.975246Z,45.611,81.7496,389.614,60.4764,23.5624,43.827512,-79.112909,-11.90,-2.67,4.15,84141.79655
2025-01-06T13:14:33.975246Z,39.487,81.6479,390.130,55.8781,21.7997,43.826922,-79.114003,-11.90,-2.70,4.15,84141.90624
2025-01-06T13:14:43.975246Z,43.205,81.5539,389.185,51.6998,20.1208,43.826282,-79.115205,-11.90,-2.73,4.15,84142.02625
2025-01-06T13:14:53.975246Z,43.906,81.4726,389.009,44.7787,17.4193,43.825633,-79.116429,-11.90,-2.77,4.15,84142.14821
2025-01-06T13:15:03.975246Z,43.625,81.4110,389.821,33.8811,13.2076,43.824976,-79.117632,-11.90,-2.80,4.15,84142.26940
2025-01-06T13:15:13.975246Z,40.022,81.3648,389.905,25.3470,9.8829,43.824388,-79.118750,-11.90,-2.83,4.15,84142.38057
2025-01-06T13:15:23.975246Z,46.569,81.4490,389.099,-46.3563,-18.0372,43.823719,-79.120068,-11.90,-2.86,4.15,84142.50993
2025-01-06T13:15:33.975246Z,48.402,81.5302,388.956,-44.6823,-17.3795,43.823028,-79.121441,-11.90,-2.89,4.15,84142.64438
2025-01-06T13:15:43.975246Z,45.589,81.6087,389.346,-43.1842,-16.8136,43.822356,-79.122712,-11.90,-2.93,4.15,84142.77101
2025-01-06T13:15:53.975246Z,50.423,81.6942,389.134,-47.0959,-18.3266,43.821591,-79.124098,-11.90,-2.96,4.15,84142.91108
2025-01-06T13:16:03.975246Z,53.631,81.7829,390.039,-48.7135,-19.0002,43.820783,-79.125576,-11.90,-2.99,4.15,84143.06005
2025-01-06T13:16:13.975246Z,56.061,81.8764,389.716,-51.3674,-20.0187,43.819943,-79.127127,-11.90,-3.02,4.15,84143.21578
2025-01-06T13:16:23.975246Z,57.503,81.8214,390.820,30.1159,11.7699,43.819078,-79.128713,-11.90,-3.05,4.15,84143.37551
2025-01-06T13:16:33.975246Z,56.835,81.7516,389.086,38.4338,14.9540,43.818236,-79.130295,-11.90,-3.08,4.15,84143.53338
2025-01-06T13:16:43.975246Z,58.714,81.6663,389.603,46.9242,18.2818,43.817382,-79.131945,-11.90,-3.11,4.15,84143.69648
2025-01-06T13:16:53.975246Z,58.704,81.5635,390.492,56.3444,22.0020,43.816537,-79.133603,-11.90,-3.14,4.15,84143.85954
2025-01-06T13:17:03.975246Z,54.312,81.4522,390.195,61.1009,23.8413,43.815749,-79.135131,-11.90,-3.17,4.15,84144.01041
2025-01-06T13:17:13.975246Z,52.421,81.3334,388.802,65.4819,25.4595,43.814980,-79.136597,-11.90,-3.20,4.15,84144.15602
2025-01-06T13:17:23.975246Z,53.527,81.2109,389.806,67.2799,26.2261,43.814187,-79.138087,-11.90,-3.22,4.15,84144.30471
2025-01-06T13:17:33.975246Z,50.782,81.0908,390.489,65.9163,25.7396,43.813455,-79.139520,-11.90,-3.25,4.15,84144.44577
2025-01-06T13:17:43.975246Z,46.743,80.9743,390.059,63.9428,24.9414,43.812795,-79.140853,-11.90,-3.28,4.15,84144.57561
2025-01-06T13:17:53.975246Z,41.707,80.8673,388.656,58.9747,22.9209,43.812191,-79.142028,-11.90,-3.31,4.15,84144.69147
2025-01-06T13:18:03.975246Z,43.346,80.7730,389.649,51.8803,20.2151,43.811557,-79.143242,-11.90,-3.34,4.15,84144.81187
2025-01-06T13:18:13.975246Z,38.878,80.6960,388.496,42.4434,16.4891,43.810995,-79.144338,-11.90,-3.36,4.15,84144.91987
2025-01-06T13:18:23.975246Z,21.446,80.6389,388.960,31.4572,12.2356,43.810693,-79.144950,-11.90,-3.40,4.15,84144.97944
2025-01-06T13:18:33.975246Z,9.752,80.5994,388.445,21.7472,8.4476,43.810552,-79.145224,-11.90,-3.43,4.15,84145.00653
2025-01-06T13:18:43.975246Z,0.000,80.5751,389.552,13.3561,5.2029,43.810552,-79.145224,-11.90,-3.46,4.15,84145.00653
2025-01-06T20:16:46.409849Z,0.000,80.5109,389.595,35.3046,13.7545,43.810552,-79.145224,-5.29,6.18,3.62,84145.00653
2025-01-06T20:16:56.409849Z,16.868,80.4367,389.173,40.8513,15.8982,43.810191,-79.145525,-5.29,6.14,3.62,84145.05338
2025-01-06T20:17:06.409849Z,32.674,80.3446,389.961,50.5603,19.7165,43.809493,-79.146108,-5.29,6.10,3.62,84145.14415
2025-01-06T20:17:16.409849Z,53.022,80.2279,388.936,64.2944,25.0064,43.808344,-79.147017,-5.29,6.06,3.62,84145.29143
2025-01-06T20:17:26.409849Z,49.846,80.1082,389.844,65.7697,25.6399,43.807254,-79.147847,-5.29,6.02,3.62,84145.42989
2025-01-06T20:17:36.409849Z,52.275,79.9946,388.501,62.6565,24.3421,43.806116,-79.148731,-5.29,5.99,3.62,84145.57510
2025-01-06T20:17:46.409849Z,52.891,79.8854,388.144,60.2361,23.3803,43.804976,-79.149653,-5.29,5.95,3.62,84145.72202
2025-01-06T20:17:56.409849Z,47.331,79.7948,388.146,49.9870,19.4023,43.803971,-79.150512,-5.29,5.91,3.62,84145.85349
2025-01-06T20:18:06.409849Z,47.641,79.7190,389.467,41.7199,16.2486,43.802968,-79.151397,-5.29,5.87,3.62,84145.98583
2025-01-06T20:18:16.409849Z,44.736,79.6595,388.163,32.8340,12.7450,43.802041,-79.152258,-5.29,5.83,3.62,84146.11009
2025-01-06T20:18:26.409849Z,41.298,79.6120,388.333,26.1591,10.1584,43.801176,-79.153034,-5.29,5.79,3.62,84146.22481
2025-01-06T20:18:36.409849Z,44.165,79.6884,388.810,-42.0529,-16.3506,43.800253,-79.153869,-5.29,5.75,3.62,84146.34749
2025-01-06T20:18:46.409849Z,41.737,79.7663,388.810,-42.9412,-16.6960,43.799385,-79.154666,-5.29,5.71,3.62,84146.46343
2025-01-06T20:18:56.409849Z,36.054,79.8371,388.661,-39.0322,-15.1703,43.798624,-79.155331,-5.29,5.67,3.62,84146.56358
2025-01-06T20:19:06.409849Z,39.689,79.9113,389.651,-40.7868,-15.8926,43.797794,-79.156079,-5.29,5.63,3.62,84146.67382
2025-01-06T20:19:16.409849Z,37.576,79.9791,388.638,-37.3353,-14.5099,43.797006,-79.156784,-5.29,5.59,3.62,84146.77820
2025-01-06T20:19:26.409849Z,36.163,80.0486,389.889,-38.1870,-14.8887,43.796259,-79.157485,-5.29,5.55,3.62,84146.87865
2025-01-06T20:19:36.409849Z,36.729,80.1159,388.135,-37.1532,-14.4204,43.795510,-79.158217,-5.29,5.51,3.62,84146.98068
2025-01-06T20:19:46.409849Z,41.616,80.0701,388.437,25.2435,9.8055,43.794659,-79.159042,-5.29,5.47,3.62,84147.09628
2025-01-06T20:19:56.409849Z,44.413,80.0063,390.002,35.0445,13.6674,43.793743,-79.159906,-5.29,5.43,3.62,84147.21965
2025-01-06T20:20:06.409849Z,46.405,79.9225,389.314,46.1186,17.9546,43.792772,-79.160780,-5.29,5.39,3.62,84147.34855
2025-01-06T20:20:16.409849Z,48.508,79.8303,389.953,50.6522,19.7520,43.791765,-79.161709,-5.29,5.35,3.62,84147.48330
2025-01-06T20:20:26.409849Z,49.328,79.7217,389.834,59.6811,23.2657,43.790756,-79.162686,-5.29,5.32,3.62,84147.62032
2025-01-06T20:20:36.409849Z,52.955,79.6028,389.747,65.3447,25.4679,43.789692,-79.163771,-5.29,5.28,3.62,84147.76742
2025-01-06T20:20:46.409849Z,57.045,79.4771,388.589,69.2921,26.9262,43.788550,-79.164949,-5.29,5.25,3.62,84147.92587
2025-01-06T20:20:56.409849Z,62.302,79.3491,389.586,70.3640,27.4128,43.787283,-79.166196,-5.29,5.21,3.62,84148.09893
2025-01-06T20:21:06.409849Z,63.820,79.2290,388.120,66.2821,25.7254,43.785989,-79.167483,-5.29,5.18,3.62,84148.27621
2025-01-06T20:21:16.409849Z,63.524,79.1179,388.914,61.1817,23.7944,43.784718,-79.168794,-5.29,5.14,3.62,84148.45267
2025-01-06T20:21:26.409849Z,70.446,79.0078,387.837,60.8222,23.5891,43.783300,-79.170233,-5.29,5.11,3.62,84148.64835
2025-01-06T20:21:36.409849Z,70.852,78.9145,387.839,51.5449,19.9911,43.781879,-79.171691,-5.29,5.07,3.62,84148.84516
2025-01-06T20:21:46.409849Z,67.521,78.8400,388.705,41.0491,15.9560,43.780530,-79.173088,-5.29,5.04,3.62,84149.03272
2025-01-06T20:21:56.409849Z,68.957,78.9466,388.531,-58.7758,-22.8362,43.779138,-79.174490,-5.29,5.00,3.62,84149.22427
2025-01-06T20:22:06.409849Z,67.239,79.0504,388.929,-57.1764,-22.2376,43.777793,-79.175879,-5.29,4.97,3.62,84149.41104
2025-01-06T20:22:16.409849Z,66.299,79.1490,389.400,-54.2378,-21.1202,43.776465,-79.177245,-5.29,4.93,3.62,84149.59521
2025-01-06T20:22:26.409849Z,67.853,79.2524,389.240,-56.8925,-22.1448,43.775091,-79.178616,-5.29,4.90,3.62,84149.78369
2025-01-06T20:22:36.409849Z,64.686,79.3495,387.927,-53.6504,-20.8125,43.773763,-79.179885,-5.29,4.86,3.62,84149.96337
2025-01-06T20:22:46.409849Z,64.120,79.4454,388.679,-52.8430,-20.5390,43.772462,-79.181176,-5.29,4.83,3.62,84150.14148
2025-01-06T20:22:56.409849Z,61.729,79.5408,389.599,-52.4262,-20.4252,43.771231,-79.182458,-5.29,4.79,3.62,84150.31295
2025-01-06T20:23:06.409849Z,59.005,79.4805,388.006,33.2901,12.9168,43.770059,-79.183692,-5.29,4.75,3.62,84150.47685
2025-01-06T20:23:16.409849Z,58.027,79.4052,389.550,41.3912,16.1240,43.768928,-79.184944,-5.29,4.72,3.62,84150.63804
2025-01-06T20:23:26.409849Z,52.692,79.3206,388.722,46.6264,18.1247,43.767890,-79.186062,-5.29,4.68,3.62,84150.78441
2025-01-06T20:23:36.409849Z,55.709,79.2175,389.186,56.7597,22.0901,43.766782,-79.187225,-5.29,4.65,3.62,84150.93915
2025-01-06T20:23:46.409849Z,52.664,79.1076,388.369,60.6004,23.5353,43.765755,-79.188360,-5.29,4.62,3.62,84151.08544
2025-01-06T20:23:56.409849Z,52.208,78.9896,389.469,64.8935,25.2740,43.764734,-79.189480,-5.29,4.58,3.62,84151.23046
2025-01-06T20:24:06.409849Z,55.444,78.8708,387.658,65.6328,25.4431,43.763635,-79.190643,-5.29,4.55,3.62,84151.38448
2025-01-06T20:24:16.409849Z,54.698,78.7481,387.794,67.7909,26.2889,43.762562,-79.191811,-5.29,4.52,3.62,84151.53642
2025-01-06T20:24:26.409849Z,56.720,78.6302,387.980,65.1056,25.2597,43.761433,-79.192994,-5.29,4.49,3.62,84151.69397
2025-01-06T20:24:36.409849Z,58.824,78.5225,388.189,59.3900,23.0545,43.760256,-79.194208,-5.29,4.46,3.62,84151.85737
2025-01-06T20:24:46.409849Z,62.658,78.4200,387.247,56.7146,21.9626,43.758997,-79.195491,-5.29,4.42,3.62,84152.03142
2025-01-06T20:24:56.409849Z,60.909,78.3310,387.676,49.1790,19.0655,43.757769,-79.196731,-5.29,4.39,3.62,84152.20061
2025-01-06T20:25:06.409849Z,64.524,78.2514,387.723,43.9620,17.0451,43.756453,-79.198015,-5.29,4.36,3.62,84152.37984
2025-01-06T20:25:16.409849Z,68.603,78.1817,388.532,38.4247,14.9292,43.755069,-79.199411,-5.29,4.32,3.62,84152.57041
2025-01-06T20:25:26.409849Z,70.605,78.2871,387.943,-58.1746,-22.5684,43.753666,-79.200885,-5.29,4.29,3.62,84152.76653
2025-01-06T20:25:36.409849Z,71.991,78.3953,388.265,-59.6897,-23.1754,43.752211,-79.202344,-5.29,4.26,3.62,84152.96651
2025-01-06T20:25:46.409849Z,75.608,78.5040,388.184,-59.9891,-23.2868,43.750660,-79.203832,-5.29,4.23,3.62,84153.17653
2025-01-06T20:25:56.409849Z,79.410,78.6210,388.581,-64.5064,-25.0660,43.749029,-79.205389,-5.29,4.19,3.62,84153.39711
2025-01-06T20:26:06.409849Z,82.630,78.7376,388.423,-64.2762,-24.9664,43.747353,-79.207052,-5.29,4.16,3.62,84153.62664
2025-01-06T20:26:16.409849Z,82.533,78.8523,388.968,-63.1951,-24.5809,43.745654,-79.208662,-5.29,4.13,3.62,84153.85590
2025-01-06T20:26:26.409849Z,82.208,78.7626,388.084,49.5439,19.2272,43.743959,-79.210262,-5.29,4.10,3.62,84154.08425
2025-01-06T20:26:36.409849Z,79.814,78.6599,389.298,56.4982,21.9946,43.742335,-79.211858,-5.29,4.07,3.62,84154.30596
2025-01-06T20:26:46.409849Z,78.576,78.5463,388.432,62.6407,24.3316,43.740715,-79.213387,-5.29,4.04,3.62,84154.52422
2025-01-06T20:26:56.409849Z,78.149,78.4198,389.060,69.6432,27.0954,43.739125,-79.214949,-5.29,4.01,3.62,84154.74130
2025-01-06T20:27:06.409849Z,74.538,78.2874,388.399,73.0033,28.3544,43.737592,-79.216407,-5.29,3.98,3.62,84154.94835
2025-01-06T20:27:16.409849Z,73.020,78.1517,388.469,74.8214,29.0658,43.736109,-79.217873,-5.29,3.95,3.62,84155.15118
2025-01-06T20:27:26.409849Z,71.320,78.0076,388.857,79.3923,30.8722,43.734679,-79.219338,-5.29,3.92,3.62,84155.34929
2025-01-06T20:27:36.409849Z,65.258,77.8715,387.892,75.1420,29.1470,43.733395,-79.220723,-5.29,3.89,3.62,84155.53057
2025-01-06T20:27:46.409849Z,65.583,77.7385,387.977,73.4364,28.4916,43.732128,-79.222158,-5.29,3.86,3.62,84155.71274
2025-01-06T20:27:56.409849Z,59.281,77.6211,388.390,64.7623,25.1530,43.731004,-79.223488,-5.29,3.83,3.62,84155.87741
2025-01-06T20:28:06.409849Z,59.402,77.5178,388.070,57.0297,22.1315,43.729854,-79.224782,-5.29,3.80,3.62,84156.04241
2025-01-06T20:28:16.409849Z,56.471,77.4294,388.525,48.7126,18.9261,43.728754,-79.226001,-5.29,3.77,3.62,84156.19928
2025-01-06T20:28:26.409849Z,56.763,77.3591,386.940,38.9147,15.0576,43.727634,-79.227201,-5.29,3.74,3.62,84156.35695
2025-01-06T20:28:36.409849Z,60.559,77.2967,387.582,34.5115,13.3760,43.726457,-79.228512,-5.29,3.71,3.62,84156.52517
2025-01-06T20:28:46.409849Z,61.235,77.3939,387.239,-53.7973,-20.8324,43.725252,-79.229812,-5.29,3.68,3.62,84156.69527
2025-01-06T20:28:56.409849Z,59.640,77.4847,387.850,-50.1336,-19.4443,43.724100,-79.231116,-5.29,3.65,3.62,84156.86094
2025-01-06T20:29:06.409849Z,63.999,77.5858,388.115,-55.7914,-21.6535,43.722843,-79.232480,-5.29,3.62,3.62,84157.03871
2025-01-06T20:29:16.409849Z,64.167,77.6836,387.128,-54.1352,-20.9572,43.721589,-79.233857,-5.29,3.59,3.62,84157.21695
2025-01-06T20:29:26.409849Z,65.307,77.7820,387.931,-54.3359,-21.0786,43.720311,-79.235256,-5.29,3.56,3.62,84157.39836
2025-01-06T20:29:36.409849Z,67.799,77.8867,387.790,-57.8241,-22.4236,43.718965,-79.236673,-5.29,3.53,3.62,84157.58669
2025-01-06T20:29:46.409849Z,69.523,77.8173,387.706,38.3215,14.8575,43.717579,-79.238118,-5.29,3.50,3.62,84157.77981
2025-01-06T20:29:56.409849Z,73.030,77.7323,387.814,46.9976,18.2263,43.716102,-79.239595,-5.29,3.47,3.62,84157.98267
2025-01-06T20:30:06.409849Z,74.869,77.6316,387.076,55.7057,21.5623,43.714601,-79.241134,-5.29,3.44,3.62,84158.19064
2025-01-06T20:30:16.409849Z,76.452,77.5082,388.065,68.0843,26.4211,43.713070,-79.242708,-5.29,3.41,3.62,84158.40301
2025-01-06T20:30:26.409849Z,76.305,77.3757,387.554,73.2329,28.3817,43.711531,-79.244259,-5.29,3.39,3.62,84158.61497
2025-01-06T20:30:36.409849Z,78.410,77.2328,387.022,79.1365,30.6276,43.709952,-79.245858,-5.29,3.36,3.62,84158.83277
2025-01-06T20:30:46.409849Z,78.130,77.0828,386.616,83.1019,32.1286,43.708394,-79.247479,-5.29,3.33,3.62,84159.04980
2025-01-06T20:30:56.409849Z,77.309,76.9278,387.846,85.5657,33.1863,43.706847,-79.249073,-5.29,3.31,3.62,84159.26455
2025-01-06T20:31:06.409849Z,80.088,76.7765,386.862,83.7661,32.4059,43.705227,-79.250692,-5.29,3.28,3.62,84159.48702
2025-01-06T20:31:16.409849Z,77.057,76.6339,387.384,78.8826,30.5578,43.703687,-79.252284,-5.29,3.26,3.62,84159.70107
2025-01-06T20:31:26.409849Z,73.001,76.5097,386.388,68.8372,26.5979,43.702219,-79.253776,-5.29,3.23,3.62,84159.90385
2025-01-06T20:31:36.409849Z,73.265,76.3980,387.218,61.7760,23.9208,43.700743,-79.255269,-5.29,3.20,3.62,84160.10736
2025-01-06T20:31:46.409849Z,68.937,76.3058,387.802,50.9447,19.7564,43.699355,-79.256675,-5.29,3.18,3.62,84160.29885
2025-01-06T20:31:56.409849Z,69.827,76.2267,387.089,43.7756,16.9451,43.697954,-79.258107,-5.29,3.15,3.62,84160.49282
2025-01-06T20:32:06.409849Z,64.411,76.3262,386.899,-55.1095,-21.3218,43.696650,-79.259407,-5.29,3.12,3.62,84160.67174
2025-01-06T20:32:16.409849Z,61.574,76.4247,387.666,-54.3806,-21.0815,43.695396,-79.260634,-5.29,3.09,3.62,84160.84278
2025-01-06T20:32:26.409849Z,55.844,76.5160,387.511,-50.5203,-19.5772,43.694249,-79.261729,-5.29,3.06,3.62,84160.99790
2025-01-06T20:32:36.409849Z,57.622,76.6045,387.830,-48.8557,-18.9477,43.693049,-79.262825,-5.29,3.03,3.62,84161.15796
2025-01-06T20:32:46.409849Z,52.320,76.6935,387.981,-49.1594,-19.0729,43.691961,-79.263823,-5.29,3.01,3.62,84161.30329
2025-01-06T20:32:56.409849Z,51.686,76.7793,387.905,-47.3426,-18.3644,43.690901,-79.264837,-5.29,2.98,3.62,84161.44686
2025-01-06T20:33:06.409849Z,50.922,76.8652,387.380,-47.4810,-18.3932,43.689840,-79.265805,-5.29,2.95,3.62,84161.58831
2025-01-06T20:33:16.409849Z,49.071,76.8140,387.417,28.2794,10.9559,43.688834,-79.266771,-5.29,2.92,3.62,84161.72462
2025-01-06T20:33:26.409849Z,52.326,76.7427,386.439,39.4993,15.2641,43.687747,-79.267770,-5.29,2.89,3.62,84161.86997
2025-01-06T20:33:36.409849Z,55.934,76.6512,386.844,50.6891,19.6088,43.686583,-79.268835,-5.29,2.87,3.62,84162.02534
2025-01-06T20:33:46.409849Z,56.353,76.5495,387.102,56.2491,21.7741,43.685402,-79.269891,-5.29,2.84,3.62,84162.18188
2025-01-06T20:33:56.409849Z,59.401,76.4337,387.050,64.1205,24.8178,43.684165,-79.271020,-5.29,2.81,3.62,84162.34688
2025-01-06T20:34:06.409849Z,57.213,76.3142,386.642,66.1681,25.5833,43.682988,-79.272138,-5.29,2.79,3.62,84162.50581
2025-01-06T20:34:16.409849Z,58.268,76.1910,386.405,68.3160,26.3976,43.681775,-79.273247,-5.29,2.76,3.62,84162.66766
2025-01-06T20:34:26.409849Z,64.230,76.0634,387.090,70.6317,27.3409,43.680454,-79.274502,-5.29,2.74,3.62,84162.84608
2025-01-06T20:34:36.409849Z,62.423,75.9407,387.382,67.8211,26.2727,43.679158,-79.275697,-5.29,2.71,3.62,84163.01948
2025-01-06T20:34:46.409849Z,68.475,75.8173,386.882,68.3379,26.4387,43.677726,-79.276984,-5.29,2.69,3.62,84163.20968
2025-01-06T20:34:56.409849Z,69.280,75.7064,387.599,61.2659,23.7466,43.676258,-79.278247,-5.29,2.66,3.62,84163.40213
2025-01-06T20:35:06.409849Z,70.858,75.6082,386.371,54.4478,21.0371,43.674772,-79.279572,-5.29,2.64,3.62,84163.59896
2025-01-06T20:35:16.409849Z,66.940,75.5298,387.566,43.3105,16.7857,43.673384,-79.280857,-5.29,2.61,3.62,84163.78490
2025-01-06T20:35:26.409849Z,68.449,75.4622,386.146,37.5181,14.4874,43.671967,-79.282174,-5.29,2.58,3.62,84163.97504
2025-01-06T20:35:36.409849Z,69.576,75.5664,386.155,-57.7757,-22.3104,43.670529,-79.283520,-5.29,2.56,3.62,84164.16830
2025-01-06T20:35:46.409849Z,63.223,75.6643,386.451,-54.2687,-20.9722,43.669223,-79.284743,-5.29,2.53,3.62,84164.34392
2025-01-06T20:35:56.409849Z,64.854,75.7643,387.492,-55.3025,-21.4293,43.667902,-79.286037,-5.29,2.51,3.62,84164.52407
2025-01-06T20:36:06.409849Z,60.925,75.8621,385.841,-54.3092,-20.9547,43.666661,-79.287249,-5.29,2.48,3.62,84164.69331
2025-01-06T20:36:16.409849Z,55.595,75.9546,385.751,-51.3642,-19.8138,43.665514,-79.288329,-5.29,2.46,3.62,84164.84774
2025-01-06T20:36:26.409849Z,54.654,76.0415,387.625,-48.0077,-18.6090,43.664389,-79.289394,-5.29,2.43,3.62,84164.99955
2025-01-06T20:36:36.409849Z,53.044,75.9838,387.446,31.8941,12.3573,43.663282,-79.290397,-5.29,2.40,3.62,84165.14690
2025-01-06T20:36:46.409849Z,49.223,75.9177,387.503,36.5583,14.1664,43.662244,-79.291306,-5.29,2.38,3.62,84165.28363
2025-01-06T20:36:56.409849Z,42.998,75.8456,387.274,39.8749,15.4425,43.661329,-79.292079,-5.29,2.35,3.62,84165.40307
2025-01-06T20:37:06.409849Z,40.085,75.7620,387.468,46.2334,17.9139,43.660487,-79.292825,-5.29,2.32,3.62,84165.51442
2025-01-06T20:37:16.409849Z,39.466,75.6667,386.631,52.7933,20.4115,43.659648,-79.293540,-5.29,2.30,3.62,84165.62404
2025-01-06T20:37:26.409849Z,35.276,75.5690,385.772,54.2340,20.9220,43.658894,-79.294167,-5.29,2.28,3.62,84165.72203
2025-01-06T20:37:36.409849Z,38.455,75.4640,387.500,58.0357,22.4888,43.658070,-79.294845,-5.29,2.25,3.62,84165.82885
2025-01-06T20:37:46.409849Z,36.268,75.3588,385.821,58.4036,22.5333,43.657295,-79.295491,-5.29,2.23,3.62,84165.92960
2025-01-06T20:37:56.409849Z,35.841,75.2573,386.072,56.3440,21.7528,43.656524,-79.296119,-5.29,2.20,3.62,84166.02916
2025-01-06T20:38:06.409849Z,34.367,75.1708,386.192,47.9520,18.5186,43.655790,-79.296732,-5.29,2.18,3.62,84166.12462
2025-01-06T20:38:16.409849Z,36.841,75.0941,386.967,42.4474,16.4257,43.655004,-79.297390,-5.29,2.15,3.62,84166.22696
2025-01-06T20:38:26.409849Z,40.842,75.0272,386.807,37.0491,14.3309,43.654135,-79.298127,-5.29,2.13,3.62,84166.34041
2025-01-06T20:38:36.409849Z,40.248,74.9763,386.059,28.2405,10.9025,43.653288,-79.298874,-5.29,2.10,3.62,84166.45221
2025-01-06T20:38:46.409849Z,42.238,74.9356,386.003,22.5799,8.7159,43.652413,-79.299685,-5.29,2.07,3.62,84166.56953
2025-01-06T20:38:56.409849Z,42.638,75.0104,385.495,-41.5631,-16.0224,43.651526,-79.300496,-5.29,2.05,3.62,84166.68797
2025-01-06T20:39:06.409849Z,48.764,75.0896,386.187,-43.9143,-16.9591,43.650512,-79.301427,-5.29,2.02,3.62,84166.82343
2025-01-06T20:39:16.409849Z,46.002,75.1670,386.236,-42.9443,-16.5866,43.649570,-79.302332,-5.29,2.00,3.62,84166.95121
2025-01-06T20:39:26.409849Z,50.917,75.2527,386.153,-47.5211,-18.3504,43.648514,-79.303309,-5.29,1.98,3.62,84167.09265
2025-01-06T20:39:36.409849Z,48.573,75.3325,386.749,-44.1973,-17.0933,43.647492,-79.304209,-5.29,1.95,3.62,84167.22757
2025-01-06T20:39:46.409849Z,35.368,75.4020,386.900,-38.4555,-14.8784,43.646750,-79.304870,-5.29,1.93,3.62,84167.32582
2025-01-06T20:39:56.409849Z,17.615,75.3743,386.615,15.3490,5.9341,43.646385,-79.305208,-5.29,1.90,3.62,84167.37475
2025-01-06T20:40:06.409849Z,0.000,75.3397,385.764,19.1823,7.3998,43.646385,-79.305208,-5.29,1.87,3.62,84167.37475
2025-01-07T01:28:01.125139Z,0.000,75.2676,387.241,39.8919,15.4478,43.646385,-79.305208,2.19,11.72,3.03,84167.37475
2025-01-07T01:28:11.125139Z,15.449,75.1863,385.510,45.1548,17.4076,43.646679,-79.305552,2.19,11.68,3.03,84167.41766
2025-01-07T01:28:21.125139Z,33.257,75.0928,385.736,51.9401,20.0352,43.647300,-79.306313,2.19,11.65,3.03,84167.51004
2025-01-07T01:28:31.125139Z,45.755,74.9848,386.564,59.8721,23.1444,43.648162,-79.307347,2.19,11.62,3.03,84167.63714
2025-01-07T01:28:41.125139Z,46.335,74.8796,386.340,58.2845,22.5176,43.649020,-79.308419,2.19,11.59,3.03,84167.76585
2025-01-07T01:28:51.125139Z,42.433,74.7907,386.826,49.2303,19.0436,43.649811,-79.309391,2.19,11.56,3.03,84167.88372
2025-01-07T01:29:01.125139Z,41.641,74.7101,387.003,44.6412,17.2763,43.650588,-79.310344,2.19,11.52,3.03,84167.99939
2025-01-07T01:29:11.125139Z,37.435,74.6483,385.839,34.2618,13.2195,43.651287,-79.311201,2.19,11.49,3.03,84168.10337
2025-01-07T01:29:21.125139Z,36.139,74.6056,386.574,23.6800,9.1541,43.651950,-79.312046,2.19,11.45,3.03,84168.20376
2025-01-07T01:29:31.125139Z,40.439,74.5674,385.623,21.2227,8.1840,43.652687,-79.312999,2.19,11.42,3.03,84168.31609
2025-01-07T01:29:41.125139Z,35.762,74.6373,386.892,-38.7098,-14.9765,43.653330,-79.313854,2.19,11.39,3.03,84168.41543
2025-01-07T01:29:51.125139Z,37.260,74.7073,385.641,-38.8735,-14.9912,43.653985,-79.314765,2.19,11.35,3.03,84168.51893
2025-01-07T01:30:01.125139Z,36.999,74.7778,385.626,-39.1575,-15.1002,43.654621,-79.315691,2.19,11.32,3.03,84168.62170
2025-01-07T01:30:11.125139Z,39.306,74.8543,387.073,-42.3218,-16.3816,43.655310,-79.316655,2.19,11.29,3.03,84168.73089
2025-01-07T01:30:21.125139Z,40.443,74.9307,386.998,-42.2752,-16.3604,43.656037,-79.317623,2.19,11.26,3.03,84168.84323
2025-01-07T01:30:31.125139Z,43.566,75.0083,387.144,-42.9816,-16.6401,43.656826,-79.318656,2.19,11.23,3.03,84168.96424
2025-01-07T01:30:41.125139Z,49.914,74.9709,385.615,20.8105,8.0249,43.657727,-79.319845,2.19,11.19,3.03,84169.10289
2025-01-07T01:30:51.125139Z,47.466,74.9202,386.015,28.1054,10.8491,43.658586,-79.320973,2.19,11.16,3.03,84169.23474
2025-01-07T01:31:01.125139Z,55.549,74.8434,385.693,42.6869,16.4640,43.659592,-79.322291,2.19,11.13,3.03,84169.38904
2025-01-07T01:31:11.125139Z,56.711,74.7559,387.071,48.3820,18.7273,43.660618,-79.323637,2.19,11.10,3.03,84169.54657
2025-01-07T01:31:21.125139Z,63.032,74.6439,385.907,62.1907,23.9998,43.661779,-79.325104,2.19,11.07,3.03,84169.72166
2025-01-07T01:31:31.125139Z,62.189,74.5255,386.860,65.5714,25.3670,43.662906,-79.326578,2.19,11.04,3.03,84169.89441
2025-01-07T01:31:41.125139Z,68.920,74.3953,386.342,72.1803,27.8863,43.664152,-79.328217,2.19,11.01,3.03,84170.08585
2025-01-07T01:31:51.125139Z,68.594,74.2624,386.316,73.6805,28.4640,43.665411,-79.329821,2.19,10.99,3.03,84170.27639
2025-01-07T01:32:01.125139Z,73.120,74.1263,386.242,75.4529,29.1431,43.666722,-79.331574,2.19,10.96,3.03,84170.47950
2025-01-07T01:32:11.125139Z,75.748,73.9961,385.908,72.2723,27.8905,43.668085,-79.333385,2.19,10.93,3.03,84170.68992
2025-01-07T01:32:21.125139Z,76.438,73.8751,386.411,67.1010,25.9285,43.669447,-79.335231,2.19,10.90,3.03,84170.90224
2025-01-07T01:32:31.125139Z,72.893,73.7705,386.068,58.0028,22.3930,43.670721,-79.337026,2.19,10.87,3.03,84171.10472
2025-01-07T01:32:41.125139Z,71.143,73.6868,384.848,46.5857,17.9284,43.671975,-79.338763,2.19,10.85,3.03,84171.30234
2025-01-07T01:32:51.125139Z,74.624,73.6089,385.206,43.3260,16.6894,43.673287,-79.340590,2.19,10.82,3.03,84171.50963
2025-01-07T01:33:01.125139Z,70.210,73.7124,384.900,-57.5553,-22.1531,43.674543,-79.342278,2.19,10.79,3.03,84171.70466
2025-01-07T01:33:11.125139Z,69.452,73.8148,384.578,-57.0868,-21.9543,43.675787,-79.343946,2.19,10.76,3.03,84171.89758
2025-01-07T01:33:21.125139Z,63.708,73.9137,385.312,-54.9505,-21.1731,43.676932,-79.345472,2.19,10.73,3.03,84172.07455
2025-01-07T01:33:31.125139Z,66.260,74.0147,386.338,-56.0273,-21.6454,43.678123,-79.347058,2.19,10.70,3.03,84172.25860
2025-01-07T01:33:41.125139Z,61.120,74.1092,386.626,-52.3558,-20.2421,43.679210,-79.348536,2.19,10.67,3.03,84172.42838
2025-01-07T01:33:51.125139Z,62.042,74.2034,385.068,-52.3661,-20.1645,43.680308,-79.350045,2.19,10.65,3.03,84172.60072
2025-01-07T01:34:01.125139Z,57.482,74.2931,385.131,-49.8998,-19.2180,43.681332,-79.351435,2.19,10.62,3.03,84172.76039
2025-01-07T01:34:11.125139Z,58.599,74.2362,384.997,31.6366,12.1800,43.682369,-79.352861,2.19,10.59,3.03,84172.92316
2025-01-07T01:34:21.125139Z,58.888,74.1617,385.360,41.4502,15.9732,43.683430,-79.354266,2.19,10.56,3.03,84173.08674
2025-01-07T01:34:31.125139Z,57.396,74.0744,385.075,48.5494,18.6952,43.684441,-79.355669,2.19,10.53,3.03,84173.24617
2025-01-07T01:34:41.125139Z,57.799,73.9714,385.236,57.2761,22.0648,43.685449,-79.357095,2.19,10.50,3.03,84173.40673
2025-01-07T01:34:51.125139Z,56.056,73.8655,385.040,58.8893,22.6747,43.686441,-79.358459,2.19,10.48,3.03,84173.56244
2025-01-07T01:35:01.125139Z,62.684,73.7403,386.212,69.4290,26.8143,43.687562,-79.359967,2.19,10.45,3.03,84173.73656
2025-01-07T01:35:11.125139Z,60.976,73.6190,385.382,67.4276,25.9854,43.688674,-79.361403,2.19,10.42,3.03,84173.90594
2025-01-07T01:35:21.125139Z,62.062,73.4936,385.660,69.6752,26.8709,43.689792,-79.362886,2.19,10.40,3.03,84174.07833
2025-01-07T01:35:31.125139Z,65.112,73.3744,386.116,66.0949,25.5203,43.690936,-79.364481,2.19,10.37,3.03,84174.25920
2025-01-07T01:35:41.125139Z,69.694,73.2575,385.957,64.8902,25.0448,43.692170,-79.366175,2.19,10.35,3.03,84174.45279
2025-01-07T01:35:51.125139Z,75.016,73.1473,384.739,61.3491,23.6034,43.693480,-79.368026,2.19,10.32,3.03,84174.66117
2025-01-07T01:36:01.125139Z,73.972,73.0489,384.768,54.7965,21.0839,43.694739,-79.369893,2.19,10.29,3.03,84174.86665
2025-01-07T01:36:11.125139Z,75.010,72.9679,385.712,44.9563,17.3402,43.696046,-79.371745,2.19,10.27,3.03,84175.07501
2025-01-07T01:36:21.125139Z,80.706,73.0834,386.077,-64.0813,-24.7403,43.697420,-79.373782,2.19,10.24,3.03,84175.29919
2025-01-07T01:36:31.125139Z,82.099,73.2014,384.426,-65.7403,-25.2723,43.698804,-79.375870,2.19,10.22,3.03,84175.52725
2025-01-07T01:36:41.125139Z,81.766,73.3215,384.694,-66.8414,-25.7135,43.700178,-79.377957,2.19,10.19,3.03,84175.75437
2025-01-07T01:36:51.125139Z,82.963,73.4407,384.637,-66.4144,-25.5454,43.701544,-79.380109,2.19,10.17,3.03,84175.98483
2025-01-07T01:37:01.125139Z,83.552,73.5627,384.532,-67.9528,-26.1301,43.702886,-79.382316,2.19,10.14,3.03,84176.21691
2025-01-07T01:37:11.125139Z,79.592,73.6799,384.465,-65.3030,-25.1067,43.704162,-79.384421,2.19,10.12,3.03,84176.43800
2025-01-07T01:37:21.125139Z,77.802,73.7902,384.975,-61.3759,-23.6282,43.705440,-79.386442,2.19,10.09,3.03,84176.65412
2025-01-07T01:37:31.125139Z,78.044,73.7092,385.084,45.0949,17.3653,43.706694,-79.388504,2.19,10.07,3.03,84176.87091
2025-01-07T01:37:41.125139Z,71.683,73.6212,385.972,48.7993,18.8352,43.707852,-79.390389,2.19,10.04,3.03,84177.07003
2025-01-07T01:37:51.125139Z,69.273,73.5255,386.465,53.0719,20.5105,43.708956,-79.392230,2.19,10.01,3.03,84177.26245
2025-01-07T01:38:01.125139Z,67.078,73.4137,384.998,62.1898,23.9429,43.710018,-79.394020,2.19,9.99,3.03,84177.44878
2025-01-07T01:38:11.125139Z,62.576,73.2984,385.107,64.1062,24.6878,43.710985,-79.395716,2.19,9.96,3.03,84177.62260
2025-01-07T01:38:21.125139Z,59.290,73.1794,385.991,66.0393,25.4906,43.711900,-79.397324,2.19,9.94,3.03,84177.78730
2025-01-07T01:38:31.125139Z,55.122,73.0628,386.137,64.6959,24.9815,43.712776,-79.398791,2.19,9.92,3.03,84177.94041
2025-01-07T01:38:41.125139Z,54.768,72.9486,384.451,63.6642,24.4757,43.713639,-79.400258,2.19,9.89,3.03,84178.09255
2025-01-07T01:38:51.125139Z,52.288,72.8445,384.825,57.9144,22.2869,43.714466,-79.401653,2.19,9.87,3.03,84178.23779
2025-01-07T01:39:01.125139Z,51.990,72.7447,385.816,55.3943,21.3720,43.715294,-79.403036,2.19,9.84,3.03,84178.38221
2025-01-07T01:39:11.125139Z,54.338,72.6570,384.062,48.9299,18.7921,43.716168,-79.404469,2.19,9.82,3.03,84178.53315
2025-01-07T01:39:21.125139Z,53.330,72.5866,385.500,39.1262,15.0831,43.717031,-79.405871,2.19,9.79,3.03,84178.68128
2025-01-07T01:39:31.125139Z,54.594,72.5268,384.913,33.2413,12.7950,43.717891,-79.407333,2.19,9.76,3.03,84178.83293
2025-01-07T01:39:41.125139Z,51.382,72.4831,385.481,24.3342,9.3804,43.718679,-79.408732,2.19,9.74,3.03,84178.97566
2025-01-07T01:39:51.125139Z,55.098,72.5717,384.716,-49.3645,-18.9913,43.719505,-79.410252,2.19,9.71,3.03,84179.12871
2025-01-07T01:40:01.125139Z,57.744,72.6628,384.616,-50.7169,-19.5066,43.720391,-79.411825,2.19,9.69,3.03,84179.28911
2025-01-07T01:40:11.125139Z,61.543,72.7602,385.815,-54.0784,-20.8643,43.721327,-79.413509,2.19,9.66,3.03,84179.46006
2025-01-07T01:40:21.125139Z,61.056,72.8563,385.360,-53.4276,-20.5889,43.722273,-79.415162,2.19,9.64,3.03,84179.62966
2025-01-07T01:40:31.125139Z,64.075,72.9519,385.331,-53.1613,-20.4847,43.723261,-79.416902,2.19,9.62,3.03,84179.80765
2025-01-07T01:40:41.125139Z,62.436,73.0461,384.801,-52.3988,-20.1631,43.724249,-79.418569,2.19,9.59,3.03,84179.98108
2025-01-07T01:40:51.125139Z,66.315,72.9835,384.801,34.8458,13.4087,43.725314,-79.420321,2.19,9.57,3.03,84180.16529
2025-01-07T01:41:01.125139Z,65.431,72.9088,384.251,41.6420,16.0010,43.726355,-79.422062,2.19,9.54,3.03,84180.34704
2025-01-07T01:41:11.125139Z,68.985,72.8151,384.719,52.1559,20.0654,43.727445,-79.423905,2.19,9.52,3.03,84180.53867
2025-01-07T01:41:21.125139Z,67.499,72.7089,384.975,59.0919,22.7489,43.728531,-79.425686,2.19,9.49,3.03,84180.72616
2025-01-07T01:41:31.125139Z,66.122,72.5946,385.365,63.5528,24.4910,43.729590,-79.427438,2.19,9.47,3.03,84180.90983
2025-01-07T01:41:41.125139Z,62.438,72.4787,385.669,64.3224,24.8072,43.730618,-79.429057,2.19,9.45,3.03,84181.08327
2025-01-07T01:41:51.125139Z,58.764,72.3572,383.937,67.7905,26.0272,43.731606,-79.430558,2.19,9.43,3.03,84181.24651
2025-01-07T01:42:01.125139Z,58.637,72.2361,385.796,67.2395,25.9407,43.732570,-79.432081,2.19,9.41,3.03,84181.40939
2025-01-07T01:42:11.125139Z,52.250,72.1245,384.611,62.1847,23.9169,43.733418,-79.433451,2.19,9.38,3.03,84181.55453
2025-01-07T01:42:21.125139Z,52.992,72.0265,384.338,54.5746,20.9751,43.734258,-79.434865,2.19,9.36,3.03,84181.70173
2025-01-07T01:42:31.125139Z,49.470,71.9385,384.700,49.0105,18.8543,43.735054,-79.436171,2.19,9.34,3.03,84181.83914
2025-01-07T01:42:41.125139Z,45.334,71.8713,385.379,37.3852,14.4075,43.735782,-79.437369,2.19,9.31,3.03,84181.96507
2025-01-07T01:42:51.125139Z,41.999,71.8167,384.111,30.4249,11.6866,43.736465,-79.438470,2.19,9.29,3.03,84182.08173
2025-01-07T01:43:01.125139Z,40.108,71.7843,385.488,17.9871,6.9338,43.737102,-79.439538,2.19,9.26,3.03,84182.19314
2025-01-07T01:43:11.125139Z,34.310,71.8544,383.501,-39.1505,-15.0143,43.737649,-79.440449,2.19,9.24,3.03,84182.28845
2025-01-07T01:43:21.125139Z,29.573,71.9180,384.981,-35.3628,-13.6140,43.738123,-79.441232,2.19,9.21,3.03,84182.37060
2025-01-07T01:43:31.125139Z,30.881,71.9802,384.910,-34.6054,-13.3200,43.738621,-79.442045,2.19,9.19,3.03,84182.45638
2025-01-07T01:43:41.125139Z,29.301,72.0405,384.795,-33.5648,-12.9156,43.739108,-79.442800,2.19,9.16,3.03,84182.53777
2025-01-07T01:43:51.125139Z,20.526,72.0907,384.199,-28.0048,-10.7594,43.739452,-79.443325,2.19,9.14,3.03,84182.59479
2025-01-07T01:44:01.125139Z,9.432,72.0847,383.949,3.3534,1.2875,43.739607,-79.443571,2.19,9.11,3.03,84182.62099
2025-01-07T01:44:11.125139Z,0.000,72.0703,385.258,7.9949,3.0801,43.739607,-79.443571,2.19,9.08,3.03,84182.62099
2025-01-07T08:15:55.048496Z,0.000,71.9952,384.413,41.8332,16.0812,43.739607,-79.443571,9.16,14.55,2.80,84182.62099
2025-01-07T08:16:05.048496Z,12.740,71.9123,384.664,46.1832,17.7650,43.739291,-79.443526,9.16,14.53,2.80,84182.65637
2025-01-07T08:16:15.048496Z,24.563,71.8249,383.762,48.8063,18.7300,43.738680,-79.443461,9.16,14.52,2.80,84182.72460
2025-01-07T08:16:25.048496Z,32.386,71.7431,385.000,45.4924,17.5145,43.737873,-79.443387,9.16,14.50,2.80,84182.81457
2025-01-07T08:16:35.048496Z,35.339,71.6669,383.916,42.5198,16.3240,43.736993,-79.443312,9.16,14.48,2.80,84182.91273
2025-01-07T08:16:45.048496Z,34.037,71.6022,384.656,36.0238,13.8568,43.736145,-79.443267,9.16,14.47,2.80,84183.00728
2025-01-07T08:16:55.048496Z,31.819,71.5525,383.901,27.6988,10.6336,43.735351,-79.443221,9.16,14.45,2.80,84183.09566
2025-01-07T08:17:05.048496Z,31.855,71.5169,384.473,19.8315,7.6247,43.734557,-79.443174,9.16,14.43,2.80,84183.18415
2025-01-07T08:17:15.048496Z,35.379,71.4969,384.021,11.1955,4.2993,43.733676,-79.443106,9.16,14.41,2.80,84183.28243
2025-01-07T08:17:25.048496Z,36.406,71.5635,384.491,-37.1291,-14.2758,43.732768,-79.443060,9.16,14.39,2.80,84183.38355
2025-01-07T08:17:35.048496Z,41.821,71.6379,383.751,-41.5113,-15.9300,43.731724,-79.443033,9.16,14.38,2.80,84183.49972
2025-01-07T08:17:45.048496Z,42.482,71.7168,384.756,-43.9464,-16.9086,43.730665,-79.442988,9.16,14.36,2.80,84183.61773
2025-01-07T08:17:55.048496Z,43.011,71.7902,384.920,-40.8290,-15.7159,43.729592,-79.442931,9.16,14.34,2.80,84183.73720
2025-01-07T08:18:05.048496Z,47.485,71.8729,384.778,-46.0360,-17.7136,43.728408,-79.442886,9.16,14.33,2.80,84183.86910
2025-01-07T08:18:15.048496Z,55.436,71.9622,383.630,-49.8754,-19.1337,43.727026,-79.442799,9.16,14.31,2.80,84184.02309
2025-01-07T08:18:25.048496Z,59.926,71.9124,385.272,27.7037,10.6735,43.725532,-79.442704,9.16,14.29,2.80,84184.18955
2025-01-07T08:18:35.048496Z,59.577,71.8507,383.981,34.3952,13.2071,43.724048,-79.442580,9.16,14.28,2.80,84184.35504
2025-01-07T08:18:45.048496Z,61.459,71.7680,384.165,46.1454,17.7274,43.722517,-79.442464,9.16,14.26,2.80,84184.52576
2025-01-07T08:18:55.048496Z,68.403,71.6625,385.096,58.6444,22.5837,43.720814,-79.442301,9.16,14.25,2.80,84184.71577
2025-01-07T08:19:05.048496Z,67.749,71.5459,384.709,64.9629,24.9918,43.719127,-79.442160,9.16,14.23,2.80,84184.90396
2025-01-07T08:19:15.048496Z,71.724,71.4169,384.553,71.8436,27.6276,43.717343,-79.441960,9.16,14.22,2.80,84185.10319
2025-01-07T08:19:25.048496Z,72.013,71.2841,384.303,74.0377,28.4529,43.715553,-79.441743,9.16,14.21,2.80,84185.30323
2025-01-07T08:19:35.048496Z,70.622,71.1536,383.926,72.7838,27.9436,43.713794,-79.441588,9.16,14.20,2.80,84185.49940
2025-01-07T08:19:45.048496Z,70.680,71.0264,383.834,71.0037,27.2537,43.712033,-79.441458,9.16,14.18,2.80,84185.69574
2025-01-07T08:19:55.048496Z,72.649,70.9030,384.262,68.7506,26.4183,43.710222,-79.441344,9.16,14.17,2.80,84185.89754
2025-01-07T08:20:05.048496Z,68.499,70.8014,384.529,56.6236,21.7734,43.708513,-79.441289,9.16,14.16,2.80,84186.08781
2025-01-07T08:20:15.048496Z,68.829,70.7103,383.518,50.8879,19.5164,43.706796,-79.441283,9.16,14.14,2.80,84186.27901
2025-01-07T08:20:25.048496Z,67.712,70.6358,384.052,41.5245,15.9476,43.705106,-79.441282,9.16,14.13,2.80,84186.46710
2025-01-07T08:20:35.048496Z,66.520,70.5765,383.312,33.1269,12.6979,43.703446,-79.441305,9.16,14.11,2.80,84186.65187
2025-01-07T08:20:45.048496Z,66.293,70.6791,382.979,-57.3781,-21.9746,43.701792,-79.441321,9.16,14.10,2.80,84186.83602
2025-01-07T08:20:55.048496Z,64.034,70.7783,384.119,-55.2965,-21.2404,43.700195,-79.441364,9.16,14.08,2.80,84187.01389
2025-01-07T08:21:05.048496Z,62.129,70.8751,384.629,-53.9404,-20.7470,43.698644,-79.441368,9.16,14.07,2.80,84187.18647
2025-01-07T08:21:15.048496Z,56.828,70.9669,383.525,-51.2430,-19.6530,43.697227,-79.441332,9.16,14.06,2.80,84187.34433
2025-01-07T08:21:25.048496Z,54.338,71.0566,384.915,-49.9444,-19.2243,43.695871,-79.441276,9.16,14.04,2.80,84187.49527
2025-01-07T08:21:35.048496Z,56.833,71.1467,384.275,-50.1739,-19.2806,43.694455,-79.441175,9.16,14.03,2.80,84187.65314
2025-01-07T08:21:45.048496Z,57.727,71.1004,384.204,25.7877,9.9078,43.693015,-79.441109,9.16,14.01,2.80,84187.81349
2025-01-07T08:21:55.048496Z,57.671,71.0381,383.923,34.7353,13.3357,43.691577,-79.441046,9.16,14.00,2.80,84187.97368
2025-01-07T08:22:05.048496Z,61.250,70.9637,384.644,41.4617,15.9480,43.690050,-79.440975,9.16,13.98,2.80,84188.14382
2025-01-07T08:22:15.048496Z,58.145,70.8732,384.512,50.4042,19.3810,43.688600,-79.440885,9.16,13.97,2.80,84188.30534
2025-01-07T08:22:25.048496Z,64.936,70.7628,383.163,61.7411,23.6569,43.686983,-79.440736,9.16,13.95,2.80,84188.48571
2025-01-07T08:22:35.048496Z,62.836,70.6517,384.877,61.8028,23.7865,43.685421,-79.440552,9.16,13.94,2.80,84188.66026
2025-01-07T08:22:45.048496Z,67.142,70.5295,382.996,68.3758,26.1876,43.683750,-79.440378,9.16,13.93,2.80,84188.84676
2025-01-07T08:22:55.048496Z,69.376,70.4004,383.422,72.0869,27.6397,43.682022,-79.440231,9.16,13.92,2.80,84189.03947
2025-01-07T08:23:05.048496Z,71.611,70.2735,384.227,70.7766,27.1943,43.680237,-79.440137,9.16,13.91,2.80,84189.23839
2025-01-07T08:23:15.048496Z,78.329,70.1395,383.496,74.8478,28.7038,43.678283,-79.440060,9.16,13.90,2.80,84189.45597
2025-01-07T08:23:25.048496Z,79.891,70.0121,383.936,71.0683,27.2857,43.676290,-79.440003,9.16,13.88,2.80,84189.67789
2025-01-07T08:23:35.048496Z,82.287,69.8983,383.921,63.4601,24.3636,43.674237,-79.439925,9.16,13.87,2.80,84189.90647
2025-01-07T08:23:45.048496Z,80.886,69.8040,383.913,52.6510,20.2134,43.672221,-79.439799,9.16,13.86,2.80,84190.13115
2025-01-07T08:23:55.048496Z,83.790,69.7182,383.523,47.9267,18.3810,43.670132,-79.439689,9.16,13.85,2.80,84190.36390
2025-01-07T08:24:05.048496Z,80.098,69.8294,383.722,-62.1180,-23.8361,43.668135,-79.439583,9.16,13.83,2.80,84190.58640
2025-01-07T08:24:15.048496Z,77.846,69.9414,383.325,-62.5652,-23.9828,43.666195,-79.439434,9.16,13.82,2.80,84190.80264
2025-01-07T08:24:25.048496Z,80.374,70.0556,384.063,-63.6798,-24.4571,43.664192,-79.439287,9.16,13.81,2.80,84191.02590
2025-01-07T08:24:35.048496Z,72.965,70.1629,383.494,-59.9713,-22.9986,43.662373,-79.439198,9.16,13.80,2.80,84191.22858
2025-01-07T08:24:45.048496Z,75.826,70.2751,382.856,-62.7230,-24.0139,43.660481,-79.439156,9.16,13.79,2.80,84191.43920
2025-01-07T08:24:55.048496Z,68.894,70.3764,383.456,-56.6127,-21.7085,43.658762,-79.439103,9.16,13.77,2.80,84191.63058
2025-01-07T08:25:05.048496Z,66.727,70.4775,382.839,-56.5479,-21.6487,43.657098,-79.439047,9.16,13.76,2.80,84191.81593
2025-01-07T08:25:15.048496Z,65.780,70.4132,383.553,35.8945,13.7675,43.655456,-79.439018,9.16,13.75,2.80,84191.99865
2025-01-07T08:25:25.048496Z,59.381,70.3442,384.162,38.4878,14.7855,43.653975,-79.439029,9.16,13.73,2.80,84192.16360
2025-01-07T08:25:35.048496Z,59.770,70.2613,383.879,46.2151,17.7410,43.652484,-79.439062,9.16,13.72,2.80,84192.32963
2025-01-07T08:25:45.048496Z,52.973,70.1715,383.831,50.1583,19.2523,43.651162,-79.439104,9.16,13.71,2.80,84192.47677
2025-01-07T08:25:55.048496Z,51.355,70.0706,384.023,56.2613,21.6057,43.649881,-79.439102,9.16,13.69,2.80,84192.61943
2025-01-07T08:26:05.048496Z,52.273,69.9637,384.433,59.5481,22.8923,43.648576,-79.439098,9.16,13.68,2.80,84192.76463
2025-01-07T08:26:15.048496Z,49.430,69.8546,383.808,60.9199,23.3815,43.647343,-79.439132,9.16,13.67,2.80,84192.90193
2025-01-07T08:26:25.048496Z,49.095,69.7473,382.716,60.0176,22.9697,43.646118,-79.439166,9.16,13.66,2.80,84193.03831
2025-01-07T08:26:35.048496Z,50.661,69.6514,382.885,53.6689,20.5490,43.644854,-79.439176,9.16,13.65,2.80,84193.17904
2025-01-07T08:26:45.048496Z,51.366,69.5630,382.441,49.5088,18.9342,43.643572,-79.439175,9.16,13.63,2.80,84193.32172
2025-01-07T08:26:55.048496Z,52.599,69.4886,383.100,41.6083,15.9401,43.642260,-79.439212,9.16,13.62,2.80,84193.46783
2025-01-07T08:27:05.048496Z,49.043,69.4264,383.453,34.7315,13.3179,43.641037,-79.439271,9.16,13.61,2.80,84193.60406
2025-01-07T08:27:15.048496Z,52.831,69.3746,383.500,28.9540,11.1039,43.639720,-79.439343,9.16,13.59,2.80,84193.75081
2025-01-07T08:27:25.048496Z,53.926,69.4630,383.938,-49.3334,-18.9410,43.638374,-79.439378,9.16,13.58,2.80,84193.90061
2025-01-07T08:27:35.048496Z,54.617,69.5545,382.432,-51.2599,-19.6034,43.637012,-79.439424,9.16,13.57,2.80,84194.05232
2025-01-07T08:27:45.048496Z,56.161,69.6468,383.260,-51.5514,-19.7576,43.635611,-79.439428,9.16,13.56,2.80,84194.20832
2025-01-07T08:27:55.048496Z,60.549,69.7439,382.359,-54.3999,-20.8003,43.634100,-79.439398,9.16,13.54,2.80,84194.37652
2025-01-07T08:28:05.048496Z,61.117,69.8429,384.342,-55.1805,-21.2082,43.632575,-79.439335,9.16,13.53,2.80,84194.54629
2025-01-07T08:28:15.048496Z,63.438,69.9409,383.486,-54.7519,-20.9966,43.630994,-79.439224,9.16,13.52,2.80,84194.72250
2025-01-07T08:28:25.048496Z,59.162,70.0364,382.695,-53.4792,-20.4662,43.629521,-79.439101,9.16,13.51,2.80,84194.88684
2025-01-07T08:28:35.048496Z,62.288,69.9787,383.139,32.3018,12.3761,43.627969,-79.438980,9.16,13.50,2.80,84195.05987
2025-01-07T08:28:45.048496Z,54.865,69.9196,383.225,33.0332,12.6592,43.626601,-79.438894,9.16,13.48,2.80,84195.21227
2025-01-07T08:28:55.048496Z,56.155,69.8381,384.201,45.4412,17.4586,43.625203,-79.438782,9.16,13.47,2.80,84195.36826
2025-01-07T08:29:05.048496Z,50.621,69.7500,384.363,49.0823,18.8654,43.623942,-79.438674,9.16,13.46,2.80,84195.50887
2025-01-07T08:29:15.048496Z,48.859,69.6565,382.771,52.3018,20.0196,43.622724,-79.438598,9.16,13.45,2.80,84195.64459
2025-01-07T08:29:25.048496Z,46.160,69.5606,382.664,53.7081,20.5522,43.621574,-79.438501,9.16,13.43,2.80,84195.77281
2025-01-07T08:29:35.048496Z,27.220,69.4718,384.054,49.5311,19.0226,43.620896,-79.438444,9.16,13.42,2.80,84195.84842
2025-01-07T08:29:45.048496Z,12.936,69.3893,384.017,45.9791,17.6568,43.620574,-79.438411,9.16,13.41,2.80,84195.88436
2025-01-07T08:29:55.048496Z,0.000,69.3171,383.187,40.4076,15.4837,43.620574,-79.438411,9.16,13.40,2.80,84195.88436
2025-01-07T14:50:27.470780Z,0.000,69.2515,383.915,36.5972,14.0502,43.620574,-79.438411,16.10,19.78,0.25,84195.88436
2025-01-07T14:50:37.470780Z,10.249,69.1853,383.436,36.9871,14.1822,43.620361,-79.438216,16.10,19.77,0.25,84195.91283
2025-01-07T14:50:47.470780Z,19.076,69.1225,382.166,35.1453,13.4314,43.619961,-79.437860,16.10,19.76,0.25,84195.96581
2025-01-07T14:50:57.470780Z,29.949,69.0690,382.188,30.0156,11.4716,43.619337,-79.437292,16.10,19.75,0.25,84196.04901
2025-01-07T14:51:07.470780Z,27.476,69.0252,382.816,24.4962,9.3776,43.618763,-79.436773,16.10,19.74,0.25,84196.12533
2025-01-07T14:51:17.470780Z,32.165,68.9937,383.753,17.5805,6.7466,43.618090,-79.436170,16.10,19.73,0.25,84196.21467
2025-01-07T14:51:27.470780Z,31.517,68.9802,382.682,7.5442,2.8870,43.617440,-79.435557,16.10,19.71,0.25,84196.30222
2025-01-07T14:51:37.470780Z,33.783,69.0484,382.388,-38.1759,-14.5980,43.616749,-79.434892,16.10,19.70,0.25,84196.39606
2025-01-07T14:51:47.470780Z,39.626,69.1228,383.032,-41.5915,-15.9309,43.615942,-79.434102,16.10,19.69,0.25,84196.50613
2025-01-07T14:51:57.470780Z,40.845,69.2005,383.930,-43.3576,-16.6463,43.615105,-79.433299,16.10,19.68,0.25,84196.61959
2025-01-07T14:52:07.470780Z,44.124,69.2775,383.940,-42.9698,-16.4978,43.614215,-79.432404,16.10,19.67,0.25,84196.74216
2025-01-07T14:52:17.470780Z,52.762,69.3623,382.400,-47.5167,-18.1704,43.613163,-79.431310,16.10,19.66,0.25,84196.88872
2025-01-07T14:52:27.470780Z,53.116,69.4459,383.190,-46.7000,-17.8950,43.612115,-79.430189,16.10,19.66,0.25,84197.03627
2025-01-07T14:52:37.470780Z,54.527,69.5374,382.743,-51.2309,-19.6083,43.611052,-79.429016,16.10,19.65,0.25,84197.18773
2025-01-07T14:52:47.470780Z,61.379,69.4963,383.739,22.9406,8.8032,43.609879,-79.427656,16.10,19.64,0.25,84197.35823
2025-01-07T14:52:57.470780Z,62.916,69.4407,382.528,31.1174,11.9033,43.608673,-79.426269,16.10,19.62,0.25,84197.53299
2025-01-07T14:53:07.470780Z,63.688,69.3667,384.006,41.3166,15.8658,43.607439,-79.424885,16.10,19.61,0.25,84197.70990
2025-01-07T14:53:17.470780Z,64.234,69.2764,383.420,50.4500,19.3435,43.606171,-79.423531,16.10,19.61,0.25,84197.88833
2025-01-07T14:53:27.470780Z,64.707,69.1756,383.695,56.2745,21.5923,43.604908,-79.422143,16.10,19.60,0.25,84198.06807
2025-01-07T14:53:37.470780Z,64.500,69.0696,382.717,59.3137,22.7004,43.603669,-79.420723,16.10,19.59,0.25,84198.24724
2025-01-07T14:53:47.470780Z,64.957,68.9584,383.042,62.1560,23.8084,43.602446,-79.419254,16.10,19.58,0.25,84198.42768
2025-01-07T14:53:57.470780Z,60.301,68.8589,382.546,55.7530,21.3281,43.601310,-79.417892,16.10,19.58,0.25,84198.59518
2025-01-07T14:54:07.470780Z,62.047,68.7614,382.986,54.5265,20.8829,43.600151,-79.416474,16.10,19.57,0.25,84198.76753
2025-01-07T14:54:17.470780Z,56.364,68.6783,381.825,46.6136,17.7982,43.599094,-79.415194,16.10,19.56,0.25,84198.92410
2025-01-07T14:54:27.470780Z,53.816,68.6077,382.837,39.4944,15.1199,43.598080,-79.413977,16.10,19.55,0.25,84199.07359
2025-01-07T14:54:37.470780Z,55.849,68.5493,383.669,32.5769,12.4987,43.597009,-79.412746,16.10,19.54,0.25,84199.22872
2025-01-07T14:54:47.470780Z,54.603,68.5083,383.522,22.9124,8.7874,43.595978,-79.411516,16.10,19.53,0.25,84199.38040
2025-01-07T14:54:57.470780Z,47.683,68.4856,381.947,12.7601,4.8737,43.595065,-79.410462,16.10,19.51,0.25,84199.51285
2025-01-07T14:55:07.470780Z,47.839,68.5670,382.393,-45.6335,-17.4499,43.594156,-79.409395,16.10,19.51,0.25,84199.64574
2025-01-07T14:55:17.470780Z,50.621,68.6491,381.998,-46.0422,-17.5880,43.593191,-79.408269,16.10,19.50,0.25,84199.78635
2025-01-07T14:55:27.470780Z,49.032,68.7324,382.546,-46.6139,-17.8320,43.592245,-79.407198,16.10,19.49,0.25,84199.92255
2025-01-07T14:55:37.470780Z,46.697,68.8114,383.756,-44.1281,-16.9344,43.591346,-79.406174,16.10,19.48,0.25,84200.05227
2025-01-07T14:55:47.470780Z,48.026,68.8914,382.031,-44.8367,-17.1290,43.590441,-79.405089,16.10,19.47,0.25,84200.18567
2025-01-07T14:55:57.470780Z,55.038,68.9835,382.473,-51.5699,-19.7241,43.589395,-79.403860,16.10,19.46,0.25,84200.33856
2025-01-07T14:56:07.470780Z,51.876,68.9515,383.093,17.8848,6.8515,43.588419,-79.402687,16.10,19.45,0.25,84200.48266
2025-01-07T14:56:17.470780Z,57.388,68.9019,382.272,27.7899,10.6233,43.587336,-79.401393,16.10,19.44,0.25,84200.64207
2025-01-07T14:56:27.470780Z,58.319,68.8371,383.707,36.1590,13.8744,43.586246,-79.400061,16.10,19.43,0.25,84200.80407
2025-01-07T14:56:37.470780Z,64.394,68.7519,382.575,47.7339,18.2618,43.585051,-79.398579,16.10,19.42,0.25,84200.98294
2025-01-07T14:56:47.470780Z,65.149,68.6515,382.316,56.2554,21.5074,43.583849,-79.397068,16.10,19.42,0.25,84201.16391
2025-01-07T14:56:57.470780Z,71.119,68.5392,382.754,62.8173,24.0436,43.582558,-79.395387,16.10,19.41,0.25,84201.36146
2025-01-07T14:57:07.470780Z,70.994,68.4236,383.532,64.5801,24.7685,43.581262,-79.393720,16.10,19.40,0.25,84201.55867
2025-01-07T14:57:17.470780Z,73.853,68.3028,383.511,67.4895,25.8830,43.579897,-79.392011,16.10,19.40,0.25,84201.76381
2025-01-07T14:57:27.470780Z,76.144,68.1815,382.859,67.8424,25.9741,43.578458,-79.390297,16.10,19.39,0.25,84201.97532
2025-01-07T14:57:37.470780Z,77.814,68.0658,382.109,64.8473,24.7787,43.577009,-79.388513,16.10,19.39,0.25,84202.19148
2025-01-07T14:57:47.470780Z,77.383,67.9650,381.975,56.5590,21.6041,43.575592,-79.386703,16.10,19.38,0.25,84202.40643
2025-01-07T14:57:57.470780Z,81.946,67.8727,383.291,51.5619,19.7632,43.574098,-79.384776,16.10,19.37,0.25,84202.63406
2025-01-07T14:58:07.470780Z,76.636,67.7967,382.049,42.6167,16.2817,43.572726,-79.382937,16.10,19.36,0.25,84202.84694
2025-01-07T14:58:17.470780Z,76.352,67.7416,381.413,30.9220,11.7941,43.571355,-79.381111,16.10,19.35,0.25,84203.05902
2025-01-07T14:58:27.470780Z,76.884,67.8561,382.662,-64.0846,-24.5227,43.569967,-79.379283,16.10,19.35,0.25,84203.27259
2025-01-07T14:58:37.470780Z,73.601,67.9625,382.100,-59.6300,-22.7847,43.568652,-79.377513,16.10,19.34,0.25,84203.47704
2025-01-07T14:58:47.470780Z,72.472,68.0700,381.449,-60.3509,-23.0208,43.567389,-79.375727,16.10,19.33,0.25,84203.67835
2025-01-07T14:58:57.470780Z,67.736,68.1744,382.918,-58.4511,-22.3820,43.566183,-79.374093,16.10,19.33,0.25,84203.86651
2025-01-07T14:59:07.470780Z,66.183,68.2728,382.111,-55.1470,-21.0723,43.564990,-79.372517,16.10,19.32,0.25,84204.05035
2025-01-07T14:59:17.470780Z,64.307,68.3711,382.223,-55.0847,-21.0547,43.563807,-79.371021,16.10,19.31,0.25,84204.22898
2025-01-07T14:59:27.470780Z,62.928,68.3307,383.007,22.6249,8.6655,43.562632,-79.369584,16.10,19.30,0.25,84204.40378
2025-01-07T14:59:37.470780Z,57.349,68.2866,383.495,24.5965,9.4326,43.561565,-79.368267,16.10,19.29,0.25,84204.56308
2025-01-07T14:59:47.470780Z,59.669,68.2232,382.212,35.5189,13.5757,43.560453,-79.366902,16.10,19.28,0.25,84204.72883
2025-01-07T14:59:57.470780Z,55.608,68.1521,382.438,39.8740,15.2493,43.559426,-79.365613,16.10,19.27,0.25,84204.88329
2025-01-07T15:00:07.470780Z,55.874,68.0675,381.891,47.4282,18.1124,43.558385,-79.364334,16.10,19.27,0.25,84205.03850
2025-01-07T15:00:17.470780Z,61.122,67.9707,382.769,54.1512,20.7274,43.557245,-79.362935,16.10,19.26,0.25,84205.20828
2025-01-07T15:00:27.470780Z,59.695,67.8684,381.674,57.4462,21.9257,43.556127,-79.361577,16.10,19.25,0.25,84205.37410
2025-01-07T15:00:37.470780Z,60.764,67.7646,381.770,58.2236,22.2280,43.555002,-79.360175,16.10,19.25,0.25,84205.54289
2025-01-07T15:00:47.470780Z,64.658,67.6611,382.643,57.9280,22.1658,43.553828,-79.358648,16.10,19.24,0.25,84205.72250
2025-01-07T15:00:57.470780Z,67.287,67.5622,382.501,55.3833,21.1842,43.552602,-79.357065,16.10,19.23,0.25,84205.90941
2025-01-07T15:01:07.470780Z,68.092,67.4690,382.110,52.2719,19.9736,43.551369,-79.355451,16.10,19.23,0.25,84206.09855
2025-01-07T15:01:17.470780Z,70.541,67.3894,381.422,44.6646,17.0360,43.550107,-79.353759,16.10,19.22,0.25,84206.29450
2025-01-07T15:01:27.470780Z,76.451,67.3165,382.086,40.9043,15.6290,43.548718,-79.351954,16.10,19.21,0.25,84206.50687
2025-01-07T15:01:37.470780Z,74.240,67.2546,382.534,34.6535,13.2562,43.547370,-79.350200,16.10,19.20,0.25,84206.71309
2025-01-07T15:01:47.470780Z,79.094,67.3672,381.879,-63.1647,-24.1213,43.545953,-79.348306,16.10,19.20,0.25,84206.93279
2025-01-07T15:01:57.470780Z,80.439,67.4848,381.858,-65.9517,-25.1842,43.544535,-79.346346,16.10,19.19,0.25,84207.15623
2025-01-07T15:02:07.470780Z,78.934,67.6019,383.004,-65.5124,-25.0916,43.543111,-79.344469,16.10,19.19,0.25,84207.37550
2025-01-07T15:02:17.470780Z,79.160,67.7135,381.327,-62.7103,-23.9131,43.541660,-79.342619,16.10,19.18,0.25,84207.59538
2025-01-07T15:02:27.470780Z,80.579,67.8313,381.858,-66.0275,-25.2131,43.540214,-79.340692,16.10,19.18,0.25,84207.81921
2025-01-07T15:02:37.470780Z,76.574,67.9416,382.178,-61.8489,-23.6373,43.538867,-79.338823,16.10,19.17,0.25,84208.03192
2025-01-07T15:02:47.470780Z,78.895,68.0586,382.559,-65.5142,-25.0630,43.537458,-79.336926,16.10,19.17,0.25,84208.25107
2025-01-07T15:02:57.470780Z,77.593,67.9896,383.037,38.6157,14.7912,43.536063,-79.335075,16.10,19.16,0.25,84208.46661
2025-01-07T15:03:07.470780Z,74.438,67.9110,382.701,43.9928,16.8361,43.534754,-79.333257,16.10,19.15,0.25,84208.67338
2025-01-07T15:03:17.470780Z,67.946,67.8310,381.460,44.8817,17.1206,43.533556,-79.331602,16.10,19.14,0.25,84208.86212
2025-01-07T15:03:27.470780Z,68.365,67.7369,382.676,52.7080,20.1701,43.532323,-79.329976,16.10,19.14,0.25,84209.05202
2025-01-07T15:03:37.470780Z,63.814,67.6355,381.918,56.8409,21.7085,43.531161,-79.328474,16.10,19.13,0.25,84209.22928
2025-01-07T15:03:47.470780Z,63.916,67.5293,382.254,59.5267,22.7543,43.529982,-79.326992,16.10,19.12,0.25,84209.40683
2025-01-07T15:03:57.470780Z,61.103,67.4247,381.551,58.6899,22.3932,43.528845,-79.325591,16.10,19.12,0.25,84209.57656
2025-01-07T15:04:07.470780Z,55.519,67.3280,382.758,54.1625,20.7311,43.527816,-79.324312,16.10,19.11,0.25,84209.73078
2025-01-07T15:04:17.470780Z,55.299,67.2383,382.896,50.1735,19.2112,43.526807,-79.323013,16.10,19.11,0.25,84209.88438
2025-01-07T15:04:27.470780Z,54.266,67.1581,382.666,44.8815,17.1746,43.525838,-79.321709,16.10,19.10,0.25,84210.03512
2025-01-07T15:04:37.470780Z,48.972,67.0965,381.350,34.5911,13.1913,43.524977,-79.320513,16.10,19.09,0.25,84210.17116
2025-01-07T15:04:47.470780Z,53.521,67.0462,382.228,28.2140,10.7842,43.524038,-79.319203,16.10,19.08,0.25,84210.31982
2025-01-07T15:04:57.470780Z,50.868,67.0164,382.345,16.6554,6.3681,43.523149,-79.317953,16.10,19.07,0.25,84210.46112
2025-01-07T15:05:07.470780Z,51.494,67.1053,381.391,-49.9191,-19.0387,43.522232,-79.316712,16.10,19.06,0.25,84210.60416
2025-01-07T15:05:17.470780Z,54.407,67.1922,381.456,-48.7986,-18.6145,43.521249,-79.315421,16.10,19.06,0.25,84210.75530
2025-01-07T15:05:27.470780Z,53.754,67.2777,382.833,-47.8345,-18.3127,43.520281,-79.314140,16.10,19.05,0.25,84210.90461
2025-01-07T15:05:37.470780Z,55.354,67.3651,382.693,-48.9380,-18.7283,43.519294,-79.312808,16.10,19.04,0.25,84211.05838
2025-01-07T15:05:47.470780Z,62.859,67.4618,381.519,-54.2826,-20.7098,43.518184,-79.311279,16.10,19.04,0.25,84211.23298
2025-01-07T15:05:57.470780Z,59.870,67.5538,381.256,-51.6676,-19.6986,43.517115,-79.309841,16.10,19.03,0.25,84211.39929
2025-01-07T15:06:07.470780Z,62.190,67.6519,381.269,-55.1191,-21.0152,43.516003,-79.308347,16.10,19.03,0.25,84211.57204
2025-01-07T15:06:17.470780Z,67.632,67.6019,382.417,27.9893,10.7036,43.514793,-79.306725,16.10,19.02,0.25,84211.75991
2025-01-07T15:06:27.470780Z,70.030,67.5378,382.086,35.9300,13.7284,43.513520,-79.305075,16.10,19.01,0.25,84211.95443
2025-01-07T15:06:37.470780Z,66.630,67.4642,381.739,41.3085,15.7691,43.512301,-79.303515,16.10,19.00,0.25,84212.13952
2025-01-07T15:06:47.470780Z,67.691,67.3743,382.081,50.4011,19.2573,43.511064,-79.301930,16.10,19.00,0.25,84212.32755
2025-01-07T15:06:57.470780Z,69.092,67.2678,382.107,59.6931,22.8092,43.509796,-79.300319,16.10,18.99,0.25,84212.51947
2025-01-07T15:07:07.470780Z,68.837,67.1597,381.618,60.6937,23.1618,43.508517,-79.298738,16.10,18.99,0.25,84212.71068
2025-01-07T15:07:17.470780Z,61.754,67.0545,381.969,59.0135,22.5414,43.507351,-79.297349,16.10,18.98,0.25,84212.88222
2025-01-07T15:07:27.470780Z,60.275,66.9513,382.088,57.8536,22.1052,43.506189,-79.296032,16.10,18.98,0.25,84213.04965
2025-01-07T15:07:37.470780Z,58.778,66.8576,381.798,52.5481,20.0628,43.505070,-79.294726,16.10,18.97,0.25,84213.21293
2025-01-07T15:07:47.470780Z,56.573,66.7716,382.674,48.1294,18.4179,43.504005,-79.293448,16.10,18.96,0.25,84213.37007
2025-01-07T15:07:57.470780Z,54.570,66.7007,380.747,39.9057,15.1940,43.502970,-79.292227,16.10,18.96,0.25,84213.52166
2025-01-07T15:08:07.470780Z,48.799,66.6540,381.507,26.2110,9.9997,43.502052,-79.291125,16.10,18.95,0.25,84213.65721
2025-01-07T15:08:17.470780Z,43.241,66.6238,382.303,16.9109,6.4651,43.501247,-79.290134,16.10,18.94,0.25,84213.77732
2025-01-07T15:08:27.470780Z,42.435,66.6103,381.702,7.5633,2.8869,43.500473,-79.289138,16.10,18.93,0.25,84213.89520
2025-01-07T15:08:37.470780Z,39.104,66.6834,381.424,-41.0203,-15.6461,43.499751,-79.288233,16.10,18.92,0.25,84214.00382
2025-01-07T15:08:47.470780Z,37.277,66.7560,382.081,-40.7349,-15.5640,43.499077,-79.287349,16.10,18.91,0.25,84214.10737
2025-01-07T15:08:57.470780Z,35.877,66.8222,381.965,-37.0780,-14.1625,43.498430,-79.286497,16.10,18.91,0.25,84214.20702
2025-01-07T15:09:07.470780Z,36.315,66.8919,381.466,-39.1347,-14.9286,43.497788,-79.285614,16.10,18.90,0.25,84214.30790
2025-01-07T15:09:17.470780Z,35.594,66.9645,381.713,-40.7717,-15.5631,43.497159,-79.284751,16.10,18.89,0.25,84214.40677
2025-01-07T15:09:27.470780Z,30.985,67.0327,380.835,-38.3212,-14.5941,43.496599,-79.284016,16.10,18.89,0.25,84214.49284
2025-01-07T15:09:37.470780Z,35.245,67.0203,381.748,6.9419,2.6501,43.495959,-79.283185,16.10,18.87,0.25,84214.59074
2025-01-07T15:09:47.470780Z,33.155,66.9971,382.484,12.9632,4.9582,43.495356,-79.282404,16.10,18.87,0.25,84214.68284
2025-01-07T15:09:57.470780Z,33.786,66.9583,382.787,21.7312,8.3184,43.494728,-79.281628,16.10,18.86,0.25,84214.77669
2025-01-07T15:10:07.470780Z,36.596,66.8988,381.056,33.4509,12.7467,43.494039,-79.280801,16.10,18.85,0.25,84214.87835
2025-01-07T15:10:17.470780Z,27.185,66.8360,381.833,35.2060,13.4428,43.493528,-79.280187,16.10,18.84,0.25,84214.95386
2025-01-07T15:10:27.470780Z,13.675,66.7680,382.229,38.1050,14.5648,43.493272,-79.279875,16.10,18.84,0.25,84214.99185
2025-01-07T15:10:37.470780Z,0.000,66.7044,380.873,35.7997,13.6352,43.493272,-79.279875,16.10,18.83,0.25,84214.99185
2025-01-07T21:43:13.489379Z,0.000,66.6442,381.161,33.8191,12.8905,43.493272,-79.279875,23.45,22.75,0.25,84214.99185
2025-01-07T21:43:23.489379Z,9.398,66.5903,380.796,30.2938,11.5358,43.493173,-79.279582,23.45,22.75,0.25,84215.01796
2025-01-07T21:43:33.489379Z,20.948,66.5399,382.366,28.2744,10.8111,43.492946,-79.278934,23.45,22.76,0.25,84215.07615
2025-01-07T21:43:43.489379Z,35.750,66.4964,382.240,24.3769,9.3178,43.492572,-79.277817,23.45,22.77,0.25,84215.17545
2025-01-07T21:43:53.489379Z,36.134,66.4675,382.199,16.1747,6.1819,43.492192,-79.276690,23.45,22.77,0.25,84215.27583
2025-01-07T21:44:03.489379Z,43.045,66.4438,381.761,13.2756,5.0681,43.491738,-79.275348,23.45,22.77,0.25,84215.39540
2025-01-07T21:44:13.489379Z,44.378,66.5208,382.183,-43.1119,-16.4766,43.491255,-79.273975,23.45,22.78,0.25,84215.51867
2025-01-07T21:44:23.489379Z,53.259,66.6103,380.848,-50.3486,-19.1752,43.490686,-79.272319,23.45,22.79,0.25,84215.66661
2025-01-07T21:44:33.489379Z,56.803,66.6978,380.955,-49.2199,-18.7506,43.490073,-79.270558,23.45,22.80,0.25,84215.82440
2025-01-07T21:44:43.489379Z,56.060,66.7849,381.495,-48.8897,-18.6512,43.489487,-79.268807,23.45,22.81,0.25,84215.98012
2025-01-07T21:44:53.489379Z,61.283,66.8818,381.262,-54.4601,-20.7636,43.488829,-79.266904,23.45,22.81,0.25,84216.15035
2025-01-07T21:45:03.489379Z,60.707,66.9733,382.326,-51.2506,-19.5944,43.488197,-79.265007,23.45,22.82,0.25,84216.31898
2025-01-07T21:45:13.489379Z,66.403,66.9351,382.403,21.4307,8.1952,43.487524,-79.262920,23.45,22.83,0.25,84216.50343
2025-01-07T21:45:23.489379Z,65.182,66.8843,381.881,28.4533,10.8658,43.486890,-79.260855,23.45,22.83,0.25,84216.68449
2025-01-07T21:45:33.489379Z,63.267,66.8239,381.457,33.9530,12.9516,43.486256,-79.258862,23.45,22.84,0.25,84216.86023
2025-01-07T21:45:43.489379Z,68.203,66.7394,381.406,47.4075,18.0815,43.485607,-79.256694,23.45,22.85,0.25,84217.04969
2025-01-07T21:45:53.489379Z,62.714,66.6513,381.976,49.4346,18.8828,43.484984,-79.254715,23.45,22.85,0.25,84217.22389
2025-01-07T21:46:03.489379Z,63.976,66.5530,382.587,55.0068,21.0449,43.484318,-79.252716,23.45,22.86,0.25,84217.40160
2025-01-07T21:46:13.489379Z,63.157,66.4480,381.922,58.8904,22.4916,43.483624,-79.250766,23.45,22.87,0.25,84217.57704
2025-01-07T21:46:23.489379Z,58.826,66.3448,381.070,58.0341,22.1151,43.482950,-79.248969,23.45,22.88,0.25,84217.74044
2025-01-07T21:46:33.489379Z,59.945,66.2442,380.596,56.5991,21.5414,43.482265,-79.247136,23.45,22.89,0.25,84217.90696
2025-01-07T21:46:43.489379Z,54.057,66.1603,381.819,47.0904,17.9800,43.481653,-79.245479,23.45,22.89,0.25,84218.05712
2025-01-07T21:46:53.489379Z,56.252,66.0792,380.578,45.6238,17.3634,43.480990,-79.243774,23.45,22.90,0.25,84218.21337
2025-01-07T21:47:03.489379Z,56.117,66.0125,381.298,37.4744,14.2889,43.480324,-79.242077,23.45,22.91,0.25,84218.36925
2025-01-07T21:47:13.489379Z,50.715,65.9687,381.148,24.6099,9.3800,43.479707,-79.240554,23.45,22.91,0.25,84218.51013
2025-01-07T21:47:23.489379Z,53.614,65.9340,381.380,19.5019,7.4376,43.479085,-79.238922,23.45,22.92,0.25,84218.65906
2025-01-07T21:47:33.489379Z,51.661,66.0224,380.855,-49.7042,-18.9301,43.478479,-79.237353,23.45,22.92,0.25,84218.80256
2025-01-07T21:47:43.489379Z,55.948,66.1115,381.211,-50.0992,-19.0984,43.477803,-79.235671,23.45,22.93,0.25,84218.95797
2025-01-07T21:47:53.489379Z,57.595,66.2027,380.408,-51.3370,-19.5290,43.477135,-79.233917,23.45,22.94,0.25,84219.11796
2025-01-07T21:48:03.489379Z,55.734,66.2901,381.337,-49.1119,-18.7281,43.476488,-79.232221,23.45,22.95,0.25,84219.27277
2025-01-07T21:48:13.489379Z,58.251,66.3831,380.681,-52.2818,-19.9027,43.475830,-79.230434,23.45,22.95,0.25,84219.43458
2025-01-07T21:48:23.489379Z,62.473,66.4800,382.063,-54.3735,-20.7741,43.475101,-79.228536,23.45,22.96,0.25,84219.60812
2025-01-07T21:48:33.489379Z,63.979,66.5780,380.991,-55.0427,-20.9708,43.474346,-79.226597,23.45,22.97,0.25,84219.78584
2025-01-07T21:48:43.489379Z,66.887,66.5272,382.425,28.4347,10.8741,43.473582,-79.224552,23.45,22.97,0.25,84219.97163
2025-01-07T21:48:53.489379Z,71.065,66.4573,382.022,39.2017,14.9759,43.472781,-79.222372,23.45,22.98,0.25,84220.16904
2025-01-07T21:49:03.489379Z,72.740,66.3675,380.628,50.5386,19.2364,43.471968,-79.220136,23.45,22.99,0.25,84220.37109
2025-01-07T21:49:13.489379Z,79.407,66.2608,380.996,59.9785,22.8516,43.471123,-79.217666,23.45,23.00,0.25,84220.59167
2025-01-07T21:49:23.489379Z,76.734,66.1417,381.679,66.8272,25.5065,43.470293,-79.215289,23.45,23.00,0.25,84220.80482
2025-01-07T21:49:33.489379Z,79.545,66.0115,381.407,73.1473,27.8989,43.469449,-79.212813,23.45,23.01,0.25,84221.02578
2025-01-07T21:49:43.489379Z,82.182,65.8771,381.981,75.3338,28.7761,43.468532,-79.210286,23.45,23.02,0.25,84221.25406
2025-01-07T21:49:53.489379Z,79.266,65.7510,380.315,71.0445,27.0193,43.467693,-79.207818,23.45,23.03,0.25,84221.47424
2025-01-07T21:50:03.489379Z,81.901,65.6250,380.836,70.8292,26.9743,43.466798,-79.205286,23.45,23.04,0.25,84221.70175
2025-01-07T21:50:13.489379Z,79.625,65.5139,380.445,62.5844,23.8099,43.465948,-79.202812,23.45,23.05,0.25,84221.92293
2025-01-07T21:50:23.489379Z,80.599,65.4118,381.307,57.3482,21.8673,43.465043,-79.200337,23.45,23.06,0.25,84222.14681
2025-01-07T21:50:33.489379Z,73.221,65.3332,380.229,44.2585,16.8283,43.464254,-79.198067,23.45,23.06,0.25,84222.35021
2025-01-07T21:50:43.489379Z,72.012,65.2716,381.327,34.5983,13.1933,43.463504,-79.195817,23.45,23.07,0.25,84222.55024
2025-01-07T21:50:53.489379Z,73.299,65.2203,381.076,28.8493,10.9938,43.462752,-79.193520,23.45,23.07,0.25,84222.75385
2025-01-07T21:51:03.489379Z,69.513,65.3226,380.024,-57.6750,-21.9179,43.462074,-79.191320,23.45,23.08,0.25,84222.94694
2025-01-07T21:51:13.489379Z,62.788,65.4227,381.505,-56.1962,-21.4392,43.461484,-79.189321,23.45,23.09,0.25,84223.12135
2025-01-07T21:51:23.489379Z,59.720,65.5142,380.104,-51.5213,-19.5835,43.460902,-79.187431,23.45,23.10,0.25,84223.28724
2025-01-07T21:51:33.489379Z,58.322,65.6093,381.216,-53.4666,-20.3823,43.460347,-79.185577,23.45,23.10,0.25,84223.44924
2025-01-07T21:51:43.489379Z,56.114,65.7005,381.882,-51.1712,-19.5414,43.459842,-79.183778,23.45,23.11,0.25,84223.60511
2025-01-07T21:51:53.489379Z,57.313,65.7899,380.903,-50.2601,-19.1442,43.459299,-79.181955,23.45,23.12,0.25,84223.76432
2025-01-07T21:52:03.489379Z,53.374,65.7562,382.053,18.9276,7.2313,43.458779,-79.180266,23.45,23.12,0.25,84223.91258
2025-01-07T21:52:13.489379Z,53.963,65.7095,381.240,26.2156,9.9944,43.458242,-79.178565,23.45,23.12,0.25,84224.06248
2025-01-07T21:52:23.489379Z,53.135,65.6537,382.119,31.3053,11.9624,43.457734,-79.176878,23.45,23.13,0.25,84224.21007
2025-01-07T21:52:33.489379Z,51.272,65.5810,380.697,40.8693,15.5588,43.457245,-79.175249,23.45,23.13,0.25,84224.35250
2025-01-07T21:52:43.489379Z,55.123,65.4993,382.060,45.8184,17.5053,43.456720,-79.173497,23.45,23.14,0.25,84224.50562
2025-01-07T21:52:53.489379Z,55.599,65.4031,381.276,54.0645,20.6135,43.456177,-79.171739,23.45,23.15,0.25,84224.66006
2025-01-07T21:53:03.489379Z,55.396,65.3074,380.791,53.8271,20.4969,43.455634,-79.169988,23.45,23.15,0.25,84224.81394
2025-01-07T21:53:13.489379Z,58.159,65.2063,380.356,56.9032,21.6435,43.455087,-79.168136,23.45,23.16,0.25,84224.97549
2025-01-07T21:53:23.489379Z,62.829,65.1056,380.194,56.7240,21.5661,43.454489,-79.166139,23.45,23.17,0.25,84225.15001
2025-01-07T21:53:33.489379Z,61.360,65.0129,380.197,52.2589,19.8687,43.453876,-79.164206,23.45,23.18,0.25,84225.32046
2025-01-07T21:53:43.489379Z,61.385,64.9334,381.691,44.5996,17.0232,43.453285,-79.162260,23.45,23.18,0.25,84225.49097
2025-01-07T21:53:53.489379Z,63.094,64.8639,379.845,39.1991,14.8896,43.452658,-79.160271,23.45,23.19,0.25,84225.66623
2025-01-07T21:54:03.489379Z,68.083,64.8046,379.729,33.4249,12.6924,43.452013,-79.158106,23.45,23.19,0.25,84225.85535
2025-01-07T21:54:13.489379Z,62.950,64.7678,380.685,20.7008,7.8805,43.451443,-79.156089,23.45,23.19,0.25,84226.03021
2025-01-07T21:54:23.489379Z,62.191,64.8628,381.445,-53.3066,-20.3335,43.450850,-79.154114,23.45,23.20,0.25,84226.20296
2025-01-07T21:54:33.489379Z,61.278,64.9598,380.178,-54.6914,-20.7924,43.450274,-79.152163,23.45,23.21,0.25,84226.37318
2025-01-07T21:54:43.489379Z,63.739,65.0574,381.686,-54.7560,-20.8996,43.449663,-79.150141,23.45,23.22,0.25,84226.55023
2025-01-07T21:54:53.489379Z,56.442,65.1477,380.921,-50.7740,-19.3409,43.449096,-79.148364,23.45,23.22,0.25,84226.70702
2025-01-07T21:55:03.489379Z,57.491,65.2369,380.969,-50.1718,-19.1139,43.448542,-79.146542,23.45,23.23,0.25,84226.86671
2025-01-07T21:55:13.489379Z,51.070,65.3192,381.790,-46.1577,-17.6225,43.448025,-79.144937,23.45,23.23,0.25,84227.00857
2025-01-07T21:55:23.489379Z,50.329,65.2933,380.042,14.5996,5.5485,43.447530,-79.143348,23.45,23.24,0.25,84227.14838
2025-01-07T21:55:33.489379Z,44.822,65.2636,381.167,16.6697,6.3539,43.447107,-79.141921,23.45,23.24,0.25,84227.27288
2025-01-07T21:55:43.489379Z,40.762,65.2188,380.825,25.2388,9.6115,43.446712,-79.140631,23.45,23.24,0.25,84227.38611
2025-01-07T21:55:53.489379Z,36.251,65.1654,380.611,30.0427,11.4346,43.446354,-79.139486,23.45,23.25,0.25,84227.48681
2025-01-07T21:56:03.489379Z,22.489,65.1100,380.656,31.1565,11.8599,43.446134,-79.138775,23.45,23.25,0.25,84227.54927
2025-01-07T21:56:13.489379Z,10.677,65.0453,381.642,36.3388,13.8684,43.446023,-79.138441,23.45,23.25,0.25,84227.57893
2025-01-07T21:56:23.489379Z,0.000,64.9789,381.087,37.2894,14.2105,43.446023,-79.138441,23.45,23.26,0.25,84227.57893
2025-01-08T02:30:22.300315Z,0.000,64.9238,381.296,30.9876,11.8155,43.446023,-79.138441,30.45,26.74,1.40,84227.57893
2025-01-08T02:30:32.300315Z,13.457,64.8763,380.999,26.7040,10.1742,43.446357,-79.138386,30.45,26.76,1.40,84227.61631
2025-01-08T02:30:42.300315Z,29.823,64.8353,381.545,22.9797,8.7678,43.447095,-79.138258,30.45,26.78,1.40,84227.69915
2025-01-08T02:30:52.300315Z,43.709,64.7952,381.203,22.5454,8.5944,43.448176,-79.138058,30.45,26.79,1.40,84227.82057
2025-01-08T02:31:02.300315Z,51.287,64.7605,380.039,19.5606,7.4338,43.449440,-79.137781,30.45,26.81,1.40,84227.96303
2025-01-08T02:31:12.300315Z,51.387,64.8486,379.788,-49.7045,-18.8771,43.450708,-79.137524,30.45,26.83,1.40,84228.10578
2025-01-08T02:31:22.300315Z,53.501,64.9382,380.229,-50.4299,-19.1749,43.452027,-79.137234,30.45,26.85,1.40,84228.25439
2025-01-08T02:31:32.300315Z,55.542,65.0308,380.116,-52.1919,-19.8390,43.453393,-79.136917,30.45,26.87,1.40,84228.40867
2025-01-08T02:31:42.300315Z,56.830,65.1202,380.017,-50.4188,-19.1600,43.454790,-79.136579,30.45,26.89,1.40,84228.56653
2025-01-08T02:31:52.300315Z,57.662,65.2151,381.423,-53.2553,-20.3128,43.456203,-79.136204,30.45,26.91,1.40,84228.72671
2025-01-08T02:32:02.300315Z,60.701,65.3079,381.092,-52.2069,-19.8957,43.457691,-79.135812,30.45,26.93,1.40,84228.89532
2025-01-08T02:32:12.300315Z,62.460,65.2663,380.847,23.4040,8.9133,43.459217,-79.135375,30.45,26.94,1.40,84229.06882
2025-01-08T02:32:22.300315Z,61.083,65.2094,380.764,32.0511,12.2039,43.460706,-79.134927,30.45,26.96,1.40,84229.23849
2025-01-08T02:32:32.300315Z,55.985,65.1409,380.338,38.5618,14.6665,43.462076,-79.134554,30.45,26.98,1.40,84229.39401
2025-01-08T02:32:42.300315Z,57.187,65.0573,380.839,47.0165,17.9057,43.463479,-79.134190,30.45,27.00,1.40,84229.55286
2025-01-08T02:32:52.300315Z,51.736,64.9699,380.772,49.1604,18.7189,43.464751,-79.133886,30.45,27.02,1.40,84229.69657
2025-01-08T02:33:02.300315Z,51.562,64.8754,381.042,53.1460,20.2509,43.466014,-79.133548,30.45,27.04,1.40,84229.83980
2025-01-08T02:33:12.300315Z,50.849,64.7763,381.262,55.6407,21.2137,43.467260,-79.133220,30.45,27.06,1.40,84229.98105
2025-01-08T02:33:22.300315Z,50.958,64.6794,380.004,54.6522,20.7680,43.468512,-79.132917,30.45,27.08,1.40,84230.12260
2025-01-08T02:33:32.300315Z,49.648,64.5877,380.170,51.6594,19.6394,43.469730,-79.132603,30.45,27.10,1.40,84230.26051
2025-01-08T02:33:42.300315Z,46.011,64.5069,380.513,45.4855,17.3078,43.470863,-79.132350,30.45,27.11,1.40,84230.38832
2025-01-08T02:33:52.300315Z,50.038,64.4347,379.864,40.6839,15.4543,43.472092,-79.132046,30.45,27.13,1.40,84230.52731
2025-01-08T02:34:02.300315Z,48.761,64.3748,380.502,33.7228,12.8316,43.473287,-79.131727,30.45,27.15,1.40,84230.66276
2025-01-08T02:34:12.300315Z,48.585,64.3260,381.135,27.4384,10.4577,43.474478,-79.131413,30.45,27.16,1.40,84230.79772
2025-01-08T02:34:22.300315Z,52.656,64.2881,380.552,21.3432,8.1222,43.475770,-79.131086,30.45,27.18,1.40,84230.94398
2025-01-08T02:34:32.300315Z,53.953,64.3746,379.663,-48.8028,-18.5286,43.477098,-79.130786,30.45,27.20,1.40,84231.09385
2025-01-08T02:34:42.300315Z,58.684,64.4691,380.992,-53.1596,-20.2534,43.478545,-79.130470,30.45,27.22,1.40,84231.25686
2025-01-08T02:34:52.300315Z,58.276,64.5636,381.302,-53.0685,-20.2351,43.479985,-79.130196,30.45,27.24,1.40,84231.41874
2025-01-08T02:35:02.300315Z,61.482,64.6604,381.138,-54.3989,-20.7335,43.481505,-79.129909,30.45,27.25,1.40,84231.58952
2025-01-08T02:35:12.300315Z,66.219,64.7634,380.777,-57.9622,-22.0707,43.483147,-79.129645,30.45,27.27,1.40,84231.77347
2025-01-08T02:35:22.300315Z,73.166,64.8681,379.832,-58.9968,-22.4089,43.484955,-79.129296,30.45,27.29,1.40,84231.97670
2025-01-08T02:35:32.300315Z,73.647,64.8125,380.563,31.2592,11.8961,43.486770,-79.128901,30.45,27.31,1.40,84232.18128
2025-01-08T02:35:42.300315Z,77.086,64.7376,380.553,42.1733,16.0492,43.488676,-79.128542,30.45,27.33,1.40,84232.39541
2025-01-08T02:35:52.300315Z,78.833,64.6430,381.503,53.1137,20.2630,43.490617,-79.128107,30.45,27.34,1.40,84232.61439
2025-01-08T02:36:02.300315Z,78.070,64.5361,379.711,60.3238,22.9056,43.492545,-79.127718,30.45,27.36,1.40,84232.83125
2025-01-08T02:36:12.300315Z,81.172,64.4137,379.528,69.0454,26.2047,43.494551,-79.127331,30.45,27.38,1.40,84233.05673
2025-01-08T02:36:22.300315Z,79.256,64.2821,381.085,73.9885,28.1959,43.496512,-79.126978,30.45,27.40,1.40,84233.27688
2025-01-08T02:36:32.300315Z,78.911,64.1485,380.752,75.1556,28.6157,43.498464,-79.126621,30.45,27.42,1.40,84233.49608
2025-01-08T02:36:42.300315Z,80.926,64.0101,381.022,77.8029,29.6446,43.500461,-79.126211,30.45,27.44,1.40,84233.72088
2025-01-08T02:36:52.300315Z,80.017,63.8781,380.746,74.2404,28.2667,43.502439,-79.125835,30.45,27.46,1.40,84233.94314
2025-01-08T02:37:02.300315Z,78.570,63.7504,379.605,72.0802,27.3620,43.504377,-79.125426,30.45,27.48,1.40,84234.16139
2025-01-08T02:37:12.300315Z,76.138,63.6382,380.772,63.1032,24.0279,43.506253,-79.125010,30.45,27.50,1.40,84234.37289
2025-01-08T02:37:22.300315Z,73.239,63.5437,380.967,53.1436,20.2459,43.508052,-79.124568,30.45,27.52,1.40,84234.57633
2025-01-08T02:37:32.300315Z,64.823,63.4754,380.681,38.4222,14.6266,43.509648,-79.124204,30.45,27.53,1.40,84234.75640
2025-01-08T02:37:42.300315Z,62.257,63.4275,379.669,27.0375,10.2653,43.511182,-79.123870,30.45,27.55,1.40,84234.92933
2025-01-08T02:37:52.300315Z,61.127,63.5217,380.810,-52.9715,-20.1721,43.512686,-79.123515,30.45,27.57,1.40,84235.09913
2025-01-08T02:38:02.300315Z,60.529,63.6163,380.281,-53.3093,-20.2726,43.514176,-79.123176,30.45,27.58,1.40,84235.26726
2025-01-08T02:38:12.300315Z,61.598,63.7088,379.826,-52.1581,-19.8110,43.515690,-79.122808,30.45,27.60,1.40,84235.43837
2025-01-08T02:38:22.300315Z,56.321,63.8019,379.114,-52.5984,-19.9408,43.517078,-79.122506,30.45,27.62,1.40,84235.59482
2025-01-08T02:38:32.300315Z,55.698,63.8914,380.386,-50.4017,-19.1721,43.518452,-79.122219,30.45,27.63,1.40,84235.74953
2025-01-08T02:38:42.300315Z,59.509,63.9830,380.522,-51.5521,-19.6167,43.519922,-79.121927,30.45,27.65,1.40,84235.91484
2025-01-08T02:38:52.300315Z,55.582,64.0694,380.135,-48.6879,-18.5080,43.521291,-79.121623,30.45,27.67,1.40,84236.06923
2025-01-08T02:39:02.300315Z,60.798,64.0169,379.976,29.6074,11.2501,43.522786,-79.121267,30.45,27.68,1.40,84236.23812
2025-01-08T02:39:12.300315Z,58.655,63.9562,381.084,34.1195,13.0024,43.524228,-79.120921,30.45,27.70,1.40,84236.40105
2025-01-08T02:39:22.300315Z,64.461,63.8767,380.598,44.7312,17.0246,43.525810,-79.120520,30.45,27.71,1.40,84236.58010
2025-01-08T02:39:32.300315Z,64.630,63.7834,379.767,52.6088,19.9791,43.527403,-79.120168,30.45,27.73,1.40,84236.75963
2025-01-08T02:39:42.300315Z,69.437,63.6697,380.194,64.0772,24.3618,43.529116,-79.119813,30.45,27.75,1.40,84236.95251
2025-01-08T02:39:52.300315Z,68.364,63.5537,379.487,65.4454,24.8357,43.530799,-79.119426,30.45,27.76,1.40,84237.14242
2025-01-08T02:40:02.300315Z,73.783,63.4272,379.558,71.3833,27.0941,43.532616,-79.119022,30.45,27.78,1.40,84237.34737
2025-01-08T02:40:12.300315Z,75.817,63.2947,380.383,74.6177,28.3833,43.534487,-79.118630,30.45,27.80,1.40,84237.55797
2025-01-08T02:40:22.300315Z,72.168,63.1740,380.468,67.9835,25.8656,43.536263,-79.118220,30.45,27.82,1.40,84237.75844
2025-01-08T02:40:32.300315Z,76.773,63.0583,380.561,65.1140,24.7798,43.538153,-79.117792,30.45,27.84,1.40,84237.97170
2025-01-08T02:40:42.300315Z,77.012,62.9531,380.190,59.2523,22.5271,43.540046,-79.117333,30.45,27.85,1.40,84238.18562
2025-01-08T02:40:52.300315Z,74.086,62.8709,380.407,46.3187,17.6200,43.541867,-79.116897,30.45,27.87,1.40,84238.39141
2025-01-08T02:41:02.300315Z,71.717,62.8059,379.780,36.6151,13.9057,43.543636,-79.116515,30.45,27.88,1.40,84238.59063
2025-01-08T02:41:12.300315Z,68.810,62.7542,380.105,29.1448,11.0781,43.545328,-79.116120,30.45,27.90,1.40,84238.78177
2025-01-08T02:41:22.300315Z,69.745,62.8617,380.369,-60.5009,-23.0127,43.547050,-79.115764,30.45,27.91,1.40,84238.97551
2025-01-08T02:41:32.300315Z,67.405,62.9657,379.385,-58.7514,-22.2894,43.548710,-79.115397,30.45,27.93,1.40,84239.16274
2025-01-08T02:41:42.300315Z,62.420,63.0648,379.713,-55.9163,-21.2321,43.550248,-79.115056,30.45,27.95,1.40,84239.33613
2025-01-08T02:41:52.300315Z,60.993,63.1603,378.732,-53.9917,-20.4484,43.551750,-79.114719,30.45,27.96,1.40,84239.50556
2025-01-08T02:42:02.300315Z,56.879,63.2490,379.016,-50.1031,-18.9899,43.553157,-79.114452,30.45,27.98,1.40,84239.66355
2025-01-08T02:42:12.300315Z,52.601,63.3360,379.584,-49.1210,-18.6455,43.554461,-79.114246,30.45,27.99,1.40,84239.80967
2025-01-08T02:42:22.300315Z,50.351,63.2998,379.497,20.4357,7.7553,43.555711,-79.114083,30.45,28.00,1.40,84239.94953
2025-01-08T02:42:32.300315Z,46.377,63.2532,380.215,26.2333,9.9743,43.556865,-79.113958,30.45,28.02,1.40,84240.07836
2025-01-08T02:42:42.300315Z,39.582,63.1992,380.590,30.3950,11.5680,43.557850,-79.113860,30.45,28.03,1.40,84240.18830
2025-01-08T02:42:52.300315Z,42.798,63.1326,379.594,37.6028,14.2738,43.558917,-79.113789,30.45,28.04,1.40,84240.30719
2025-01-08T02:43:02.300315Z,39.519,63.0558,379.974,43.2755,16.4436,43.559902,-79.113719,30.45,28.06,1.40,84240.41696
2025-01-08T02:43:12.300315Z,38.821,62.9750,379.226,45.6646,17.3172,43.560869,-79.113641,30.45,28.07,1.40,84240.52480
2025-01-08T02:43:22.300315Z,35.423,62.8896,379.352,48.2043,18.2864,43.561750,-79.113552,30.45,28.09,1.40,84240.62319
2025-01-08T02:43:32.300315Z,34.672,62.8054,379.421,47.5305,18.0341,43.562613,-79.113454,30.45,28.10,1.40,84240.71950
2025-01-08T02:43:42.300315Z,36.470,62.7236,378.927,46.2728,17.5340,43.563520,-79.113351,30.45,28.12,1.40,84240.82081
2025-01-08T02:43:52.300315Z,39.256,62.6496,379.947,41.6827,15.8372,43.564497,-79.113263,30.45,28.13,1.40,84240.92985
2025-01-08T02:44:02.300315Z,40.820,62.5857,379.812,36.0646,13.6978,43.565514,-79.113198,30.45,28.14,1.40,84241.04324
2025-01-08T02:44:12.300315Z,44.773,62.5312,378.868,30.7851,11.6635,43.566631,-79.113140,30.45,28.15,1.40,84241.16761
2025-01-08T02:44:22.300315Z,41.155,62.4920,379.733,22.1238,8.4011,43.567657,-79.113097,30.45,28.17,1.40,84241.28193
2025-01-08T02:44:32.300315Z,29.340,62.4811,378.660,6.1619,2.3333,43.568389,-79.113052,30.45,28.18,1.40,84241.36343
2025-01-08T02:44:42.300315Z,16.121,62.5298,379.816,-27.4562,-10.4283,43.568791,-79.113038,30.45,28.19,1.40,84241.40821
2025-01-08T02:44:52.300315Z,0.000,62.5445,378.551,-8.3126,-3.1468,43.568791,-79.113038,30.45,28.20,1.40,84241.40821
2025-01-08T07:31:19.110085Z,0.000,62.5029,378.480,23.5110,8.8984,43.568791,-79.113038,33.99,28.67,1.40,84241.40821
2025-01-08T07:31:29.110085Z,16.608,62.4688,378.671,19.3354,7.3217,43.568928,-79.112498,33.99,28.69,1.40,84241.45434
2025-01-08T07:31:39.110085Z,32.766,62.4424,379.291,14.8643,5.6379,43.569180,-79.111424,33.99,28.71,1.40,84241.54536
2025-01-08T07:31:49.110085Z,50.008,62.5292,378.782,-49.0490,-18.5789,43.569586,-79.109796,33.99,28.74,1.40,84241.68427
2025-01-08T07:31:59.110085Z,53.004,62.6170,378.549,-49.7024,-18.8148,43.570023,-79.108073,33.99,28.77,1.40,84241.83151
2025-01-08T07:32:09.110085Z,53.217,62.7066,379.290,-50.5950,-19.1901,43.570456,-79.106340,33.99,28.79,1.40,84241.97933
2025-01-08T07:32:19.110085Z,51.896,62.7911,379.628,-47.6903,-18.1046,43.570879,-79.104651,33.99,28.82,1.40,84242.12349
2025-01-08T07:32:29.110085Z,52.183,62.8769,380.073,-48.3658,-18.3825,43.571294,-79.102947,33.99,28.84,1.40,84242.26844
2025-01-08T07:32:39.110085Z,53.031,62.9660,379.631,-50.2298,-19.0688,43.571744,-79.101230,33.99,28.87,1.40,84242.41575
2025-01-08T07:32:49.110085Z,52.781,63.0514,379.037,-48.2617,-18.2929,43.572163,-79.099506,33.99,28.89,1.40,84242.56236
2025-01-08T07:32:59.110085Z,46.298,63.0199,379.197,17.7871,6.7448,43.572533,-79.097996,33.99,28.92,1.40,84242.69097
2025-01-08T07:33:09.110085Z,45.797,62.9756,380.327,24.9417,9.4860,43.572892,-79.096498,33.99,28.94,1.40,84242.81818
2025-01-08T07:33:19.110085Z,43.854,62.9150,380.060,34.1527,12.9801,43.573214,-79.095055,33.99,28.96,1.40,84242.94000
2025-01-08T07:33:29.110085Z,44.460,62.8414,379.143,41.5737,15.7624,43.573545,-79.093593,33.99,28.99,1.40,84243.06350
2025-01-08T07:33:39.110085Z,42.317,62.7610,379.026,45.4561,17.2291,43.573884,-79.092213,33.99,29.01,1.40,84243.18105
2025-01-08T07:33:49.110085Z,43.487,62.6722,378.604,50.2167,19.0122,43.574212,-79.090785,33.99,29.04,1.40,84243.30184
2025-01-08T07:33:59.110085Z,39.259,62.5808,379.189,51.6181,19.5730,43.574521,-79.089502,33.99,29.06,1.40,84243.41090
2025-01-08T07:34:09.110085Z,40.947,62.4874,379.364,52.7572,20.0142,43.574822,-79.088154,33.99,29.09,1.40,84243.52464
2025-01-08T07:34:19.110085Z,43.285,62.3998,379.634,49.4260,18.7638,43.575124,-79.086723,33.99,29.11,1.40,84243.64487
2025-01-08T07:34:29.110085Z,45.433,62.3223,380.046,43.6868,16.6030,43.575415,-79.085210,33.99,29.14,1.40,84243.77108
2025-01-08T07:34:39.110085Z,45.636,62.2533,379.806,38.8917,14.7713,43.575721,-79.083696,33.99,29.16,1.40,84243.89784
2025-01-08T07:34:49.110085Z,47.832,62.1970,378.277,31.8826,12.0604,43.576036,-79.082107,33.99,29.18,1.40,84244.03071
2025-01-08T07:34:59.110085Z,51.829,62.1525,380.024,25.1179,9.5454,43.576360,-79.080379,33.99,29.21,1.40,84244.17468
2025-01-08T07:35:09.110085Z,54.811,62.1161,378.317,20.5905,7.7897,43.576705,-79.078552,33.99,29.23,1.40,84244.32693
2025-01-08T07:35:19.110085Z,58.196,62.2099,378.542,-53.0889,-20.0964,43.577075,-79.076614,33.99,29.25,1.40,84244.48859
2025-01-08T07:35:29.110085Z,62.951,62.3104,378.456,-56.8770,-21.5254,43.577490,-79.074522,33.99,29.28,1.40,84244.66345
2025-01-08T07:35:39.110085Z,62.989,62.4053,379.967,-53.4758,-20.3190,43.577901,-79.072428,33.99,29.30,1.40,84244.83842
2025-01-08T07:35:49.110085Z,67.397,62.5073,379.401,-57.6056,-21.8556,43.578356,-79.070193,33.99,29.33,1.40,84245.02564
2025-01-08T07:35:59.110085Z,68.391,62.6076,378.813,-56.7304,-21.4902,43.578815,-79.067925,33.99,29.35,1.40,84245.21561
2025-01-08T07:36:09.110085Z,72.947,62.7124,379.668,-59.1332,-22.4510,43.579280,-79.065495,33.99,29.38,1.40,84245.41824
2025-01-08T07:36:19.110085Z,75.187,62.6457,379.001,37.7420,14.3043,43.579776,-79.062997,33.99,29.40,1.40,84245.62710
2025-01-08T07:36:29.110085Z,75.717,62.5711,379.460,42.0886,15.9709,43.580316,-79.060498,33.99,29.42,1.40,84245.83742
2025-01-08T07:36:39.110085Z,74.181,62.4829,380.362,49.6806,18.8966,43.580872,-79.058061,33.99,29.44,1.40,84246.04348
2025-01-08T07:36:49.110085Z,77.341,62.3709,379.783,63.1490,23.9829,43.581415,-79.055504,33.99,29.47,1.40,84246.25832
2025-01-08T07:36:59.110085Z,76.167,62.2546,379.417,65.6437,24.9063,43.581956,-79.052989,33.99,29.49,1.40,84246.46989
2025-01-08T07:37:09.110085Z,70.321,62.1348,379.809,67.5824,25.6684,43.582442,-79.050661,33.99,29.52,1.40,84246.66523
2025-01-08T07:37:19.110085Z,70.998,62.0096,379.963,70.6126,26.8302,43.582947,-79.048317,33.99,29.55,1.40,84246.86244
2025-01-08T07:37:29.110085Z,66.785,61.8929,378.721,65.9667,24.9830,43.583390,-79.046099,33.99,29.57,1.40,84247.04796
2025-01-08T07:37:39.110085Z,62.823,61.7840,379.933,61.3855,23.3224,43.583825,-79.044020,33.99,29.59,1.40,84247.22246
2025-01-08T07:37:49.110085Z,65.809,61.6805,379.227,58.4713,22.1739,43.584305,-79.041852,33.99,29.62,1.40,84247.40527
2025-01-08T07:37:59.110085Z,62.314,61.5933,379.069,49.2807,18.6808,43.584744,-79.039793,33.99,29.64,1.40,84247.57836
2025-01-08T07:38:09.110085Z,60.367,61.5227,379.511,39.8475,15.1226,43.585157,-79.037793,33.99,29.66,1.40,84247.74605
2025-01-08T07:38:19.110085Z,55.499,61.4712,378.548,29.1166,11.0220,43.585550,-79.035960,33.99,29.68,1.40,84247.90021
2025-01-08T07:38:29.110085Z,58.586,61.4253,378.701,25.9662,9.8334,43.585954,-79.034020,33.99,29.70,1.40,84248.06295
2025-01-08T07:38:39.110085Z,57.327,61.5165,379.624,-51.4314,-19.5246,43.586334,-79.032116,33.99,29.73,1.40,84248.22219
2025-01-08T07:38:49.110085Z,54.323,61.6070,379.724,-51.0565,-19.3874,43.586681,-79.030307,33.99,29.75,1.40,84248.37309
2025-01-08T07:38:59.110085Z,56.428,61.6959,379.186,-50.1907,-19.0316,43.587012,-79.028418,33.99,29.77,1.40,84248.52983
2025-01-08T07:39:09.110085Z,60.956,61.7908,378.551,-53.7285,-20.3390,43.587360,-79.026373,33.99,29.79,1.40,84248.69915
2025-01-08T07:39:19.110085Z,62.745,61.8872,379.407,-54.4320,-20.6519,43.587709,-79.024266,33.99,29.82,1.40,84248.87345
2025-01-08T07:39:29.110085Z,64.989,61.9853,379.112,-55.4091,-21.0063,43.588077,-79.022086,33.99,29.84,1.40,84249.05397
2025-01-08T07:39:39.110085Z,63.484,61.9394,379.576,25.8781,9.8227,43.588470,-79.019967,33.99,29.86,1.40,84249.23032
2025-01-08T07:39:49.110085Z,66.578,61.8814,378.259,32.8818,12.4378,43.588862,-79.017738,33.99,29.88,1.40,84249.41526
2025-01-08T07:39:59.110085Z,70.332,61.7984,378.172,47.0031,17.7753,43.589235,-79.015370,33.99,29.90,1.40,84249.61062
2025-01-08T07:40:09.110085Z,76.678,61.6949,378.055,58.6291,22.1651,43.589666,-79.012796,33.99,29.92,1.40,84249.82362
2025-01-08T07:40:19.110085Z,74.740,61.5834,378.736,63.0673,23.8859,43.590104,-79.010294,33.99,29.94,1.40,84250.03123
2025-01-08T07:40:29.110085Z,76.630,61.4610,378.737,69.2124,26.2133,43.590577,-79.007736,33.99,29.97,1.40,84250.24409
2025-01-08T07:40:39.110085Z,82.945,61.3190,378.803,80.3091,30.4213,43.591057,-79.004956,33.99,29.99,1.40,84250.47449
2025-01-08T07:40:49.110085Z,79.565,61.1783,379.213,79.4890,30.1432,43.591471,-79.002275,33.99,30.02,1.40,84250.69550
2025-01-08T07:40:59.110085Z,79.071,61.0433,378.254,76.4220,28.9069,43.591903,-78.999617,33.99,30.04,1.40,84250.91515
2025-01-08T07:41:09.110085Z,81.801,60.9121,378.201,74.3230,28.1090,43.592375,-78.996875,33.99,30.06,1.40,84251.14237
2025-01-08T07:41:19.110085Z,78.945,60.7929,379.140,67.3106,25.5201,43.592844,-78.994233,33.99,30.09,1.40,84251.36166
2025-01-08T07:41:29.110085Z,77.905,60.6887,379.117,58.8811,22.3228,43.593327,-78.991633,33.99,30.11,1.40,84251.57807
2025-01-08T07:41:39.110085Z,75.576,60.6039,378.022,48.0578,18.1669,43.593751,-78.989096,33.99,30.13,1.40,84251.78800
2025-01-08T07:41:49.110085Z,77.278,60.5329,379.286,40.1096,15.2130,43.594211,-78.986510,33.99,30.15,1.40,84252.00266
2025-01-08T07:41:59.110085Z,72.375,60.6411,377.380,-61.4190,-23.1783,43.594650,-78.984092,33.99,30.17,1.40,84252.20370
2025-01-08T07:42:09.110085Z,69.369,60.7443,377.948,-58.4726,-22.0996,43.595102,-78.981784,33.99,30.19,1.40,84252.39639
2025-01-08T07:42:19.110085Z,65.090,60.8430,379.407,-55.7240,-21.1421,43.595534,-78.979622,33.99,30.21,1.40,84252.57720
2025-01-08T07:42:29.110085Z,63.933,60.9386,378.719,-54.0942,-20.4865,43.595986,-78.977510,33.99,30.23,1.40,84252.75479
2025-01-08T07:42:39.110085Z,58.830,61.0288,377.773,-51.1284,-19.3149,43.596410,-78.975569,33.99,30.25,1.40,84252.91820
2025-01-08T07:42:49.110085Z,55.546,61.1168,377.798,-49.9118,-18.8566,43.596820,-78.973741,33.99,30.27,1.40,84253.07250
2025-01-08T07:42:59.110085Z,54.026,61.2056,378.423,-50.2702,-19.0234,43.597213,-78.971961,33.99,30.30,1.40,84253.22257
2025-01-08T07:43:09.110085Z,53.264,61.1641,378.000,23.5213,8.8911,43.597590,-78.970201,33.99,30.31,1.40,84253.37053
2025-01-08T07:43:19.110085Z,56.445,61.1045,378.606,33.7547,12.7797,43.597975,-78.968330,33.99,30.33,1.40,84253.52732
2025-01-08T07:43:29.110085Z,55.023,61.0315,378.247,41.3103,15.6255,43.598343,-78.966503,33.99,30.35,1.40,84253.68016
2025-01-08T07:43:39.110085Z,55.299,60.9459,377.726,48.5635,18.3437,43.598695,-78.964661,33.99,30.37,1.40,84253.83377
2025-01-08T07:43:49.110085Z,58.033,60.8510,377.955,53.7972,20.3329,43.599046,-78.962721,33.99,30.39,1.40,84253.99497
2025-01-08T07:43:59.110085Z,56.567,60.7462,377.941,59.3590,22.4342,43.599357,-78.960820,33.99,30.41,1.40,84254.15210
2025-01-08T07:44:09.110085Z,58.787,60.6380,377.584,61.3954,23.1819,43.599692,-78.958848,33.99,30.43,1.40,84254.31540
2025-01-08T07:44:19.110085Z,59.246,60.5315,379.152,60.1642,22.8114,43.600013,-78.956855,33.99,30.45,1.40,84254.47997
2025-01-08T07:44:29.110085Z,63.668,60.4244,378.657,60.5881,22.9421,43.600393,-78.954725,33.99,30.47,1.40,84254.65682
2025-01-08T07:44:39.110085Z,64.166,60.3272,378.844,54.9297,20.8098,43.600804,-78.952588,33.99,30.49,1.40,84254.83506
2025-01-08T07:44:49.110085Z,70.619,60.2297,378.408,55.1847,20.8824,43.601263,-78.950238,33.99,30.51,1.40,84255.03123
2025-01-08T07:44:59.110085Z,69.382,60.1549,378.947,42.3279,16.0400,43.601683,-78.947919,33.99,30.53,1.40,84255.22396
2025-01-08T07:45:09.110085Z,69.167,60.0910,377.453,36.2205,13.6715,43.602103,-78.945607,33.99,30.55,1.40,84255.41608
2025-01-08T07:45:19.110085Z,73.763,60.0342,377.410,32.2655,12.1774,43.602581,-78.943153,33.99,30.57,1.40,84255.62098
2025-01-08T07:45:29.110085Z,74.259,60.1414,377.677,-60.8003,-22.9629,43.603043,-78.940675,33.99,30.59,1.40,84255.82726
2025-01-08T07:45:39.110085Z,70.982,60.2471,377.420,-60.0151,-22.6509,43.603475,-78.938302,33.99,30.61,1.40,84256.02443
2025-01-08T07:45:49.110085Z,70.990,60.3518,378.376,-59.2664,-22.4250,43.603918,-78.935934,33.99,30.63,1.40,84256.22162
2025-01-08T07:45:59.110085Z,68.060,60.4513,377.992,-56.3922,-21.3158,43.604335,-78.933660,33.99,30.64,1.40,84256.41068
2025-01-08T07:46:09.110085Z,62.314,60.5487,377.290,-55.2716,-20.8534,43.604745,-78.931589,33.99,30.66,1.40,84256.58377
2025-01-08T07:46:19.110085Z,65.435,60.6458,377.776,-55.0677,-20.8033,43.605139,-78.929401,33.99,30.68,1.40,84256.76554
2025-01-08T07:46:29.110085Z,61.512,60.5974,379.008,27.3621,10.3705,43.605489,-78.927337,33.99,30.70,1.40,84256.93640
2025-01-08T07:46:39.110085Z,56.495,60.5448,378.729,29.7367,11.2622,43.605792,-78.925436,33.99,30.72,1.40,84257.09333
2025-01-08T07:46:49.110085Z,52.935,60.4767,379.153,38.4948,14.5954,43.606052,-78.923647,33.99,30.73,1.40,84257.24037
2025-01-08T07:46:59.110085Z,51.047,60.3969,377.416,45.2869,17.0920,43.606326,-78.921929,33.99,30.75,1.40,84257.38217
2025-01-08T07:47:09.110085Z,43.977,60.3142,378.249,46.8263,17.7120,43.606544,-78.920444,33.99,30.77,1.40,84257.50433
2025-01-08T07:47:19.110085Z,44.895,60.2251,377.397,50.5694,19.0848,43.606777,-78.918930,33.99,30.79,1.40,84257.62903
2025-01-08T07:47:29.110085Z,40.073,60.1352,378.632,50.8700,19.2610,43.606962,-78.917573,33.99,30.80,1.40,84257.74035
2025-01-08T07:47:39.110085Z,35.264,60.0526,378.085,46.8101,17.6982,43.607122,-78.916378,33.99,30.82,1.40,84257.83830
2025-01-08T07:47:49.110085Z,36.615,59.9713,377.735,46.0818,17.4067,43.607284,-78.915137,33.99,30.84,1.40,84257.94001
2025-01-08T07:47:59.110085Z,36.963,59.8957,378.968,42.7224,16.1905,43.607467,-78.913888,33.99,30.86,1.40,84258.04269
2025-01-08T07:48:09.110085Z,33.902,59.8376,378.797,32.8826,12.4558,43.607631,-78.912742,33.99,30.87,1.40,84258.13686
2025-01-08T07:48:19.110085Z,35.911,59.7872,377.374,28.5741,10.7831,43.607814,-78.911530,33.99,30.89,1.40,84258.23661
2025-01-08T07:48:29.110085Z,35.751,59.7546,377.742,18.4741,6.9784,43.607997,-78.910325,33.99,30.90,1.40,84258.33592
2025-01-08T07:48:39.110085Z,36.149,59.7390,378.035,8.8515,3.3462,43.608176,-78.909104,33.99,30.92,1.40,84258.43634
2025-01-08T07:48:49.110085Z,42.519,59.8137,378.163,-42.3191,-16.0035,43.608368,-78.907662,33.99,30.93,1.40,84258.55444
2025-01-08T07:48:59.110085Z,44.423,59.8946,377.832,-45.8420,-17.3206,43.608580,-78.906160,33.99,30.95,1.40,84258.67784
2025-01-08T07:49:09.110085Z,46.251,59.9732,377.604,-44.5745,-16.8315,43.608789,-78.904592,33.99,30.97,1.40,84258.80632
2025-01-08T07:49:19.110085Z,45.495,60.0523,378.926,-44.7520,-16.9577,43.608978,-78.903046,33.99,30.98,1.40,84258.93269
2025-01-08T07:49:29.110085Z,32.148,60.1216,377.311,-39.3269,-14.8385,43.609099,-78.901951,33.99,31.00,1.40,84259.02199
2025-01-08T07:49:39.110085Z,15.764,60.1714,378.246,-28.1748,-10.6570,43.609163,-78.901415,33.99,31.01,1.40,84259.06578
2025-01-08T07:49:49.110085Z,0.000,60.1620,377.575,5.2999,2.0011,43.609163,-78.901415,33.99,31.03,1.40,84259.06578
2025-01-08T16:30:56.213055Z,0.000,60.1134,378.470,27.5052,10.4099,43.609163,-78.901415,-11.78,2.84,4.14,84259.06578
2025-01-08T16:31:06.213055Z,16.214,60.0744,377.731,22.1065,8.3503,43.609081,-78.901962,-11.78,2.78,4.14,84259.11082
2025-01-08T16:31:16.213055Z,33.527,60.1430,377.913,-38.8699,-14.6895,43.608926,-78.903098,-11.78,2.73,4.14,84259.20395
2025-01-08T16:31:26.213055Z,50.256,60.2237,379.048,-45.5712,-17.2737,43.608707,-78.904803,-11.78,2.67,4.14,84259.34355
2025-01-08T16:31:36.213055Z,46.893,60.3034,378.564,-45.1405,-17.0886,43.608519,-78.906398,-11.78,2.62,4.14,84259.47381
2025-01-08T16:31:46.213055Z,45.893,60.3866,377.428,-47.1760,-17.8055,43.608356,-78.907963,-11.78,2.57,4.14,84259.60129
2025-01-08T16:31:56.213055Z,44.878,60.4622,377.833,-42.8636,-16.1953,43.608174,-78.909489,-11.78,2.51,4.14,84259.72595
2025-01-08T16:32:06.213055Z,43.878,60.5369,378.507,-42.2630,-15.9968,43.608012,-78.910985,-11.78,2.46,4.14,84259.84783
2025-01-08T16:32:16.213055Z,38.761,60.6118,377.422,-42.5436,-16.0569,43.607853,-78.912303,-11.78,2.41,4.14,84259.95550
2025-01-08T16:32:26.213055Z,38.351,60.5582,378.460,30.3621,11.4908,43.607682,-78.913603,-11.78,2.36,4.14,84260.06203
2025-01-08T16:32:36.213055Z,39.214,60.4942,377.667,36.2589,13.6938,43.607494,-78.914929,-11.78,2.30,4.14,84260.17096
2025-01-08T16:32:46.213055Z,33.971,60.4205,378.597,41.7022,15.7883,43.607330,-78.916078,-11.78,2.25,4.14,84260.26532
2025-01-08T16:32:56.213055Z,38.075,60.3301,377.445,51.3368,19.3768,43.607132,-78.917361,-11.78,2.20,4.14,84260.37108
2025-01-08T16:33:06.213055Z,38.694,60.2290,378.246,57.2286,21.6465,43.606922,-78.918662,-11.78,2.15,4.14,84260.47857
2025-01-08T16:33:16.213055Z,39.547,60.1218,378.038,60.7226,22.9555,43.606715,-78.919995,-11.78,2.10,4.14,84260.58842
2025-01-08T16:33:26.213055Z,39.081,60.0098,377.460,63.6127,24.0113,43.606503,-78.921310,-11.78,2.05,4.14,84260.69698
2025-01-08T16:33:36.213055Z,41.117,59.8970,378.634,63.7704,24.1457,43.606278,-78.922692,-11.78,2.00,4.14,84260.81119
2025-01-08T16:33:46.213055Z,41.746,59.7949,377.556,57.9338,21.8732,43.606057,-78.924098,-11.78,1.95,4.14,84260.92715
2025-01-08T16:33:56.213055Z,49.644,59.6898,377.011,59.7187,22.5146,43.605772,-78.925763,-11.78,1.91,4.14,84261.06505
2025-01-08T16:34:06.213055Z,53.373,59.5994,377.633,51.3044,19.3742,43.605459,-78.927551,-11.78,1.86,4.14,84261.21331
2025-01-08T16:34:16.213055Z,55.693,59.5157,377.647,47.4183,17.9074,43.605138,-78.929418,-11.78,1.81,4.14,84261.36801
2025-01-08T16:34:26.213055Z,57.639,59.4496,378.594,37.4002,14.1595,43.604783,-78.931343,-11.78,1.76,4.14,84261.52812
2025-01-08T16:34:36.213055Z,61.223,59.5450,376.769,-54.2118,-20.4253,43.604384,-78.933379,-11.78,1.71,4.14,84261.69818
2025-01-08T16:34:46.213055Z,65.005,59.6434,376.979,-55.8893,-21.0691,43.603976,-78.935547,-11.78,1.66,4.14,84261.87875
2025-01-08T16:34:56.213055Z,67.550,59.7438,377.304,-57.0366,-21.5202,43.603571,-78.937807,-11.78,1.61,4.14,84262.06639
2025-01-08T16:35:06.213055Z,69.645,59.8468,377.742,-58.3960,-22.0586,43.603170,-78.940142,-11.78,1.56,4.14,84262.25985
2025-01-08T16:35:16.213055Z,70.037,59.9508,378.072,-58.9107,-22.2725,43.602764,-78.942489,-11.78,1.52,4.14,84262.45440
2025-01-08T16:35:26.213055Z,67.743,60.0544,377.535,-58.8038,-22.2005,43.602408,-78.944771,-11.78,1.47,4.14,84262.64258
2025-01-08T16:35:36.213055Z,71.290,60.1624,378.973,-61.0269,-23.1276,43.602069,-78.947183,-11.78,1.42,4.14,84262.84060
2025-01-08T16:35:46.213055Z,70.188,60.0837,377.716,44.6085,16.8493,43.601737,-78.949557,-11.78,1.38,4.14,84263.03557
2025-01-08T16:35:56.213055Z,71.188,59.9852,377.979,55.8359,21.1048,43.601383,-78.951961,-11.78,1.33,4.14,84263.23332
2025-01-08T16:36:06.213055Z,64.624,59.8835,377.688,57.6808,21.7853,43.601077,-78.954148,-11.78,1.28,4.14,84263.41283
2025-01-08T16:36:16.213055Z,63.621,59.7725,377.738,62.9749,23.7880,43.600742,-78.956291,-11.78,1.24,4.14,84263.58955
2025-01-08T16:36:26.213055Z,64.313,59.6425,378.034,73.6313,27.8351,43.600395,-78.958454,-11.78,1.19,4.14,84263.76820
2025-01-08T16:36:36.213055Z,61.841,59.5133,377.097,73.3652,27.6658,43.600053,-78.960532,-11.78,1.15,4.14,84263.93998
2025-01-08T16:36:46.213055Z,59.820,59.3806,376.749,75.4464,28.4243,43.599689,-78.962531,-11.78,1.11,4.14,84264.10615
2025-01-08T16:36:56.213055Z,56.473,59.2538,376.991,72.0456,27.1605,43.599323,-78.964410,-11.78,1.06,4.14,84264.26301
2025-01-08T16:37:06.213055Z,52.557,59.1388,377.017,65.3435,24.6356,43.599005,-78.966167,-11.78,1.02,4.14,84264.40901
2025-01-08T16:37:16.213055Z,55.525,59.0272,378.378,63.1842,23.9075,43.598680,-78.968027,-11.78,0.97,4.14,84264.56324
2025-01-08T16:37:26.213055Z,51.188,58.9312,377.992,54.3875,20.5580,43.598372,-78.969739,-11.78,0.93,4.14,84264.70543
2025-01-08T16:37:36.213055Z,50.567,58.8519,378.121,44.9226,16.9862,43.598067,-78.971429,-11.78,0.88,4.14,84264.84590
2025-01-08T16:37:46.213055Z,51.540,58.7868,376.533,37.0549,13.9524,43.597783,-78.973161,-11.78,0.83,4.14,84264.98906
2025-01-08T16:37:56.213055Z,56.581,58.7251,377.850,34.9991,13.2244,43.597459,-78.975059,-11.78,0.79,4.14,84265.14623
2025-01-08T16:38:06.213055Z,56.244,58.8122,378.142,-49.3297,-18.6536,43.597149,-78.976949,-11.78,0.74,4.14,84265.30247
2025-01-08T16:38:16.213055Z,56.860,58.9021,376.717,-51.1154,-19.2561,43.596854,-78.978865,-11.78,0.70,4.14,84265.46041
2025-01-08T16:38:26.213055Z,58.762,58.9980,377.049,-54.5110,-20.5534,43.596520,-78.980837,-11.78,0.65,4.14,84265.62364
2025-01-08T16:38:36.213055Z,66.959,59.1020,377.567,-59.0225,-22.2849,43.596136,-78.983082,-11.78,0.61,4.14,84265.80964
2025-01-08T16:38:46.213055Z,68.286,59.2066,377.855,-59.2418,-22.3848,43.595724,-78.985365,-11.78,0.57,4.14,84265.99932
2025-01-08T16:38:56.213055Z,72.548,59.3169,376.659,-62.7729,-23.6439,43.595248,-78.987777,-11.78,0.52,4.14,84266.20084
2025-01-08T16:39:06.213055Z,72.531,59.2348,377.845,46.5389,17.5845,43.594807,-78.990200,-11.78,0.48,4.14,84266.40232
2025-01-08T16:39:16.213055Z,75.818,59.1360,376.688,56.1766,21.1611,43.594326,-78.992727,-11.78,0.44,4.14,84266.61292
2025-01-08T16:39:26.213055Z,75.197,59.0224,377.986,64.3758,24.3331,43.593816,-78.995220,-11.78,0.39,4.14,84266.82180
2025-01-08T16:39:36.213055Z,81.590,58.8842,378.117,78.3124,29.6112,43.593254,-78.997922,-11.78,0.35,4.14,84267.04844
2025-01-08T16:39:46.213055Z,80.470,58.7374,378.244,83.1504,31.4511,43.592680,-79.000579,-11.78,0.31,4.14,84267.27197
2025-01-08T16:39:56.213055Z,78.487,58.5812,378.087,88.4672,33.4483,43.592101,-79.003162,-11.78,0.28,4.14,84267.48999
2025-01-08T16:40:06.213055Z,78.533,58.4214,377.670,90.6432,34.2332,43.591479,-79.005728,-11.78,0.24,4.14,84267.70813
2025-01-08T16:40:16.213055Z,78.905,58.2613,376.763,91.0422,34.3013,43.590833,-79.008296,-11.78,0.20,4.14,84267.92732
2025-01-08T16:40:26.213055Z,79.233,58.1095,376.365,86.4006,32.5181,43.590171,-79.010868,-11.78,0.16,4.14,84268.14741
2025-01-08T16:40:36.213055Z,77.000,57.9644,377.337,82.3616,31.0781,43.589500,-79.013354,-11.78,0.12,4.14,84268.36130
2025-01-08T16:40:46.213055Z,72.983,57.8424,377.279,69.2214,26.1157,43.588858,-79.015707,-11.78,0.08,4.14,84268.56403
2025-01-08T16:40:56.213055Z,74.472,57.7247,377.345,66.8428,25.2228,43.588204,-79.018108,-11.78,0.04,4.14,84268.77089
2025-01-08T16:41:06.213055Z,71.824,57.6324,377.173,52.4326,19.7761,43.587571,-79.020423,-11.78,-0.00,4.14,84268.97040
2025-01-08T16:41:16.213055Z,65.515,57.5610,375.795,40.6793,15.2871,43.587023,-79.022549,-11.78,-0.04,4.14,84269.15239
2025-01-08T16:41:26.213055Z,61.315,57.6543,375.987,-53.1663,-19.9899,43.586480,-79.024524,-11.78,-0.09,4.14,84269.32271
2025-01-08T16:41:36.213055Z,60.038,57.7500,376.634,-54.4272,-20.4992,43.585966,-79.026467,-11.78,-0.13,4.14,84269.48948
2025-01-08T16:41:46.213055Z,59.403,57.8452,376.000,-54.2330,-20.3916,43.585448,-79.028384,-11.78,-0.17,4.14,84269.65449
2025-01-08T16:41:56.213055Z,61.400,57.9440,377.642,-56.0238,-21.1569,43.584913,-79.030366,-11.78,-0.21,4.14,84269.82505
2025-01-08T16:42:06.213055Z,59.949,58.0407,377.395,-54.8838,-20.7128,43.584414,-79.032313,-11.78,-0.25,4.14,84269.99157
2025-01-08T16:42:16.213055Z,55.490,58.1284,376.115,-49.9398,-18.7831,43.583966,-79.034122,-11.78,-0.29,4.14,84270.14571
2025-01-08T16:42:26.213055Z,59.209,58.0689,377.361,33.7885,12.7505,43.583490,-79.036053,-11.78,-0.33,4.14,84270.31018
2025-01-08T16:42:36.213055Z,56.789,57.9991,376.606,39.6522,14.9333,43.583039,-79.037907,-11.78,-0.37,4.14,84270.46793
2025-01-08T16:42:46.213055Z,62.314,57.9076,377.367,51.9538,19.6056,43.582517,-79.039929,-11.78,-0.41,4.14,84270.64102
2025-01-08T16:42:56.213055Z,60.609,57.8030,376.346,59.5371,22.4065,43.582007,-79.041895,-11.78,-0.45,4.14,84270.80938
2025-01-08T16:43:06.213055Z,62.205,57.6842,376.098,67.6890,25.4577,43.581509,-79.043924,-11.78,-0.49,4.14,84270.98217
2025-01-08T16:43:16.213055Z,68.276,57.5490,376.507,76.8824,28.9467,43.580987,-79.046163,-11.78,-0.53,4.14,84271.17183
2025-01-08T16:43:26.213055Z,67.389,57.4111,377.285,78.3061,29.5437,43.580505,-79.048387,-11.78,-0.57,4.14,84271.35902
2025-01-08T16:43:36.213055Z,72.154,57.2658,377.483,82.4145,31.1101,43.579990,-79.050768,-11.78,-0.60,4.14,84271.55945
2025-01-08T16:43:46.213055Z,73.606,57.1212,376.451,82.3276,30.9923,43.579478,-79.053203,-11.78,-0.64,4.14,84271.76391
2025-01-08T16:43:56.213055Z,75.701,56.9785,377.394,80.9677,30.5568,43.578970,-79.055715,-11.78,-0.67,4.14,84271.97419
2025-01-08T16:44:06.213055Z,76.634,56.8429,375.942,77.2675,29.0481,43.578422,-79.058243,-11.78,-0.71,4.14,84272.18706
2025-01-08T16:44:16.213055Z,77.674,56.7194,375.416,70.4885,26.4625,43.577878,-79.060812,-11.78,-0.75,4.14,84272.40282
2025-01-08T16:44:26.213055Z,80.417,56.6059,377.168,64.4420,24.3054,43.577274,-79.063453,-11.78,-0.78,4.14,84272.62620
2025-01-08T16:44:36.213055Z,76.252,56.5157,376.007,51.3489,19.3075,43.576687,-79.065951,-11.78,-0.82,4.14,84272.83801
2025-01-08T16:44:46.213055Z,76.815,56.6259,376.189,-62.7173,-23.5936,43.576060,-79.068451,-11.78,-0.86,4.14,84273.05139
2025-01-08T16:44:56.213055Z,75.986,56.7397,375.647,-64.8689,-24.3678,43.575444,-79.070927,-11.78,-0.90,4.14,84273.26246
2025-01-08T16:45:06.213055Z,73.997,56.8494,375.467,-62.6062,-23.5066,43.574801,-79.073316,-11.78,-0.93,4.14,84273.46801
2025-01-08T16:45:16.213055Z,68.799,56.9497,376.371,-57.1029,-21.4919,43.574214,-79.075543,-11.78,-0.97,4.14,84273.65912
2025-01-08T16:45:26.213055Z,64.647,57.0464,376.703,-54.9443,-20.6977,43.573647,-79.077627,-11.78,-1.01,4.14,84273.83869
2025-01-08T16:45:36.213055Z,64.552,57.1430,376.709,-54.9324,-20.6935,43.573093,-79.079715,-11.78,-1.05,4.14,84274.01800
2025-01-08T16:45:46.213055Z,60.181,57.2359,375.677,-53.0081,-19.9139,43.572601,-79.081673,-11.78,-1.08,4.14,84274.18517
2025-01-08T16:45:56.213055Z,57.638,57.1695,376.460,37.8072,14.2329,43.572111,-79.083539,-11.78,-1.12,4.14,84274.34528
2025-01-08T16:46:06.213055Z,54.280,57.0892,376.781,45.6155,17.1870,43.571676,-79.085310,-11.78,-1.16,4.14,84274.49606
2025-01-08T16:46:16.213055Z,49.624,56.9981,376.285,51.8818,19.5224,43.571274,-79.086926,-11.78,-1.20,4.14,84274.63390
2025-01-08T16:46:26.213055Z,51.931,56.8961,376.829,57.9884,21.8517,43.570847,-79.088615,-11.78,-1.23,4.14,84274.77815
2025-01-08T16:46:36.213055Z,48.271,56.7864,375.722,62.5378,23.4968,43.570424,-79.090172,-11.78,-1.27,4.14,84274.91224
2025-01-08T16:46:46.213055Z,48.895,56.6678,376.093,67.5355,25.3996,43.570011,-79.091756,-11.78,-1.30,4.14,84275.04806
2025-01-08T16:46:56.213055Z,48.469,56.5454,376.906,69.5769,26.2239,43.569607,-79.093330,-11.78,-1.34,4.14,84275.18270
2025-01-08T16:47:06.213055Z,47.454,56.4250,377.086,68.3642,25.7792,43.569217,-79.094873,-11.78,-1.37,4.14,84275.31451
2025-01-08T16:47:16.213055Z,44.931,56.3135,376.444,63.4789,23.8963,43.568865,-79.096342,-11.78,-1.41,4.14,84275.43932
2025-01-08T16:47:26.213055Z,51.721,56.2107,375.616,58.5892,22.0070,43.568491,-79.098047,-11.78,-1.44,4.14,84275.58299
2025-01-08T16:47:36.213055Z,53.437,56.1173,375.021,53.3524,20.0082,43.568119,-79.099814,-11.78,-1.48,4.14,84275.73143
2025-01-08T16:47:46.213055Z,52.318,56.0352,375.216,46.9086,17.6008,43.567769,-79.101550,-11.78,-1.51,4.14,84275.87675
2025-01-08T16:47:56.213055Z,56.651,55.9658,375.269,39.5795,14.8530,43.567363,-79.103419,-11.78,-1.55,4.14,84276.03412
2025-01-08T16:48:06.213055Z,56.550,55.9091,375.948,32.3293,12.1541,43.566951,-79.105282,-11.78,-1.59,4.14,84276.19120
2025-01-08T16:48:16.213055Z,56.719,55.9998,376.249,-51.6656,-19.4391,43.566530,-79.107146,-11.78,-1.62,4.14,84276.34876
2025-01-08T16:48:26.213055Z,62.982,56.0963,376.160,-54.9262,-20.6610,43.566081,-79.109225,-11.78,-1.66,4.14,84276.52370
2025-01-08T16:48:36.213055Z,63.207,56.1918,375.410,-54.4988,-20.4594,43.565613,-79.111303,-11.78,-1.69,4.14,84276.69928
2025-01-08T16:48:46.213055Z,60.554,56.2903,376.422,-56.0621,-21.1030,43.565134,-79.113281,-11.78,-1.73,4.14,84276.86749
2025-01-08T16:48:56.213055Z,60.101,56.3812,376.451,-51.7207,-19.4703,43.564693,-79.115259,-11.78,-1.76,4.14,84277.03444
2025-01-08T16:49:06.213055Z,59.644,56.4784,375.740,-55.4009,-20.8163,43.564266,-79.117227,-11.78,-1.80,4.14,84277.20011
2025-01-08T16:49:16.213055Z,58.001,56.4113,376.931,38.1234,14.3699,43.563876,-79.119151,-11.78,-1.83,4.14,84277.36122
2025-01-08T16:49:26.213055Z,56.156,56.3334,375.431,44.4732,16.6966,43.563516,-79.121020,-11.78,-1.87,4.14,84277.51721
2025-01-08T16:49:36.213055Z,55.491,56.2457,375.608,49.9927,18.7777,43.563156,-79.122865,-11.78,-1.90,4.14,84277.67135
2025-01-08T16:49:46.213055Z,51.356,56.1489,375.505,55.2286,20.7386,43.562837,-79.124578,-11.78,-1.94,4.14,84277.81401
2025-01-08T16:49:56.213055Z,49.998,56.0383,376.072,62.9662,23.6798,43.562549,-79.126253,-11.78,-1.97,4.14,84277.95289
2025-01-08T16:50:06.213055Z,48.212,55.9235,376.664,65.3148,24.6017,43.562281,-79.127871,-11.78,-2.00,4.14,84278.08681
2025-01-08T16:50:16.213055Z,42.791,55.8106,375.591,64.3612,24.1735,43.562028,-79.129303,-11.78,-2.03,4.14,84278.20568
2025-01-08T16:50:26.213055Z,37.205,55.7016,375.712,62.1764,23.3604,43.561789,-79.130541,-11.78,-2.07,4.14,84278.30903
2025-01-08T16:50:36.213055Z,33.066,55.5968,376.499,59.5801,22.4318,43.561559,-79.131634,-11.78,-2.10,4.14,84278.40088
2025-01-08T16:50:46.213055Z,30.942,55.5069,376.366,51.1715,19.2592,43.561346,-79.132659,-11.78,-2.13,4.14,84278.48682
2025-01-08T16:50:56.213055Z,29.281,55.4285,374.894,44.8124,16.7999,43.561150,-79.133630,-11.78,-2.17,4.14,84278.56816
2025-01-08T16:51:06.213055Z,17.183,55.3689,375.466,33.9891,12.7617,43.561042,-79.134202,-11.78,-2.20,4.14,84278.61589
2025-01-08T16:51:16.213055Z,8.142,55.3245,375.469,25.3336,9.5120,43.560986,-79.134472,-11.78,-2.24,4.14,84278.63851
2025-01-08T16:51:26.213055Z,0.000,55.2975,374.811,15.4288,5.7829,43.560986,-79.134472,-11.78,-2.27,4.14,84278.63851
2025-01-09T02:46:45.796719Z,0.000,55.2696,375.974,15.8793,5.9702,43.560986,-79.134472,-6.31,6.64,3.70,84278.63851
2025-01-09T02:46:55.796719Z,14.127,55.2515,375.119,10.3770,3.8926,43.561117,-79.134923,-6.31,6.59,3.70,84278.67775
2025-01-09T02:47:05.796719Z,25.414,55.3134,374.464,-35.4221,-13.2643,43.561363,-79.135730,-6.31,6.54,3.70,84278.74834
2025-01-09T02:47:15.796719Z,37.243,55.3847,374.924,-40.7263,-15.2693,43.561717,-79.136916,-6.31,6.49,3.70,84278.85180
2025-01-09T02:47:25.796719Z,34.874,55.4538,375.944,-39.3935,-14.8097,43.562054,-79.138023,-6.31,6.45,3.70,84278.94867
2025-01-09T02:47:35.796719Z,32.300,55.5204,375.886,-37.9538,-14.2663,43.562360,-79.139052,-6.31,6.40,3.70,84279.03839
2025-01-09T02:47:45.796719Z,32.810,55.5885,376.249,-38.7839,-14.5924,43.562655,-79.140106,-6.31,6.35,3.70,84279.12953
2025-01-09T02:47:55.796719Z,31.998,55.5586,375.872,17.0859,6.4221,43.562958,-79.141126,-6.31,6.30,3.70,84279.21842
2025-01-09T02:48:05.796719Z,33.503,55.5081,374.913,28.8374,10.8115,43.563285,-79.142188,-6.31,6.26,3.70,84279.31148
2025-01-09T02:48:15.796719Z,34.390,55.4472,375.682,34.7050,13.0380,43.563638,-79.143267,-6.31,6.21,3.70,84279.40701
2025-01-09T02:48:25.796719Z,36.649,55.3672,375.163,45.6912,17.1416,43.564016,-79.144416,-6.31,6.16,3.70,84279.50881
2025-01-09T02:48:35.796719Z,36.465,55.2763,374.654,51.9702,19.4708,43.564374,-79.145570,-6.31,6.12,3.70,84279.61010
2025-01-09T02:48:45.796719Z,38.377,55.1785,375.135,55.8630,20.9562,43.564737,-79.146793,-6.31,6.07,3.70,84279.71670
2025-01-09T02:48:55.796719Z,40.114,55.0751,374.720,59.0896,22.1420,43.565134,-79.148062,-6.31,6.03,3.70,84279.82813
2025-01-09T02:49:05.796719Z,47.668,54.9600,374.330,65.8304,24.6423,43.565620,-79.149560,-6.31,5.99,3.70,84279.96054
2025-01-09T02:49:15.796719Z,46.347,54.8492,375.549,63.2401,23.7497,43.566103,-79.151010,-6.31,5.95,3.70,84280.08928
2025-01-09T02:49:25.796719Z,48.942,54.7432,374.346,60.6324,22.6975,43.566593,-79.152554,-6.31,5.90,3.70,84280.22523
2025-01-09T02:49:35.796719Z,55.690,54.6416,375.591,57.9641,21.7708,43.567124,-79.154327,-6.31,5.86,3.70,84280.37993
2025-01-09T02:49:45.796719Z,58.097,54.5536,375.013,50.2641,18.8497,43.567657,-79.156187,-6.31,5.82,3.70,84280.54131
2025-01-09T02:49:55.796719Z,60.298,54.4753,375.991,44.5811,16.7621,43.568209,-79.158119,-6.31,5.77,3.70,84280.70880
2025-01-09T02:50:05.796719Z,62.286,54.4057,374.840,39.7967,14.9174,43.568755,-79.160127,-6.31,5.73,3.70,84280.88182
2025-01-09T02:50:15.796719Z,67.568,54.5108,374.843,-60.0599,-22.5130,43.569329,-79.162315,-6.31,5.69,3.70,84281.06951
2025-01-09T02:50:25.796719Z,64.033,54.6129,375.139,-58.3278,-21.8811,43.569858,-79.164396,-6.31,5.65,3.70,84281.24738
2025-01-09T02:50:35.796719Z,68.604,54.7141,375.476,-57.7147,-21.6705,43.570394,-79.166640,-6.31,5.60,3.70,84281.43794
2025-01-09T02:50:45.796719Z,65.834,54.8119,375.048,-55.8426,-20.9437,43.570940,-79.168779,-6.31,5.56,3.70,84281.62082
2025-01-09T02:50:55.796719Z,68.906,54.9169,375.858,-59.8642,-22.5004,43.571530,-79.171008,-6.31,5.52,3.70,84281.81222
2025-01-09T02:51:05.796719Z,62.095,55.0133,375.195,-55.0109,-20.6398,43.572072,-79.173011,-6.31,5.48,3.70,84281.98471
2025-01-09T02:51:15.796719Z,65.240,55.1147,376.155,-57.7490,-21.7226,43.572632,-79.175121,-6.31,5.44,3.70,84282.16593
2025-01-09T02:51:25.796719Z,61.199,55.0435,374.316,40.7383,15.2490,43.573182,-79.177088,-6.31,5.40,3.70,84282.33593
2025-01-09T02:51:35.796719Z,57.013,54.9641,374.615,45.3987,17.0070,43.573704,-79.178914,-6.31,5.35,3.70,84282.49430
2025-01-09T02:51:45.796719Z,60.157,54.8647,375.565,56.7165,21.3007,43.574224,-79.180858,-6.31,5.31,3.70,84282.66140
2025-01-09T02:51:55.796719Z,53.505,54.7599,375.054,59.8100,22.4320,43.574715,-79.182571,-6.31,5.27,3.70,84282.81002
2025-01-09T02:52:05.796719Z,53.567,54.6469,375.059,64.5477,24.2092,43.575236,-79.184271,-6.31,5.23,3.70,84282.95882
2025-01-09T02:52:15.796719Z,50.768,54.5317,374.436,65.8985,24.6748,43.575733,-79.185879,-6.31,5.19,3.70,84283.09984
2025-01-09T02:52:25.796719Z,48.292,54.4159,375.965,65.9849,24.8081,43.576209,-79.187407,-6.31,5.16,3.70,84283.23398
2025-01-09T02:52:35.796719Z,53.019,54.2965,375.228,68.1711,25.5797,43.576709,-79.189098,-6.31,5.12,3.70,84283.38126
2025-01-09T02:52:45.796719Z,52.135,54.1828,374.669,64.9670,24.3411,43.577218,-79.190750,-6.31,5.08,3.70,84283.52608
2025-01-09T02:52:55.796719Z,53.421,54.0835,374.341,56.8435,21.2789,43.577728,-79.192451,-6.31,5.04,3.70,84283.67447
2025-01-09T02:53:05.796719Z,54.581,53.9918,373.772,52.5432,19.6392,43.578269,-79.194176,-6.31,5.00,3.70,84283.82609
2025-01-09T02:53:15.796719Z,54.044,53.9141,375.236,44.3899,16.6567,43.578836,-79.195865,-6.31,4.96,3.70,84283.97621
2025-01-09T02:53:25.796719Z,59.753,53.8492,374.556,37.0906,13.8925,43.579431,-79.197752,-6.31,4.92,3.70,84284.14219
2025-01-09T02:53:35.796719Z,61.459,53.9424,375.149,-53.1907,-19.9544,43.580043,-79.199694,-6.31,4.88,3.70,84284.31291
2025-01-09T02:53:45.796719Z,64.861,54.0434,375.055,-57.7274,-21.6510,43.580719,-79.201723,-6.31,4.84,3.70,84284.49308
2025-01-09T02:53:55.796719Z,68.095,54.1452,374.801,-58.1436,-21.7923,43.581422,-79.203859,-6.31,4.80,3.70,84284.68223
2025-01-09T02:54:05.796719Z,69.673,54.2521,374.527,-61.1630,-22.9072,43.582117,-79.206059,-6.31,4.76,3.70,84284.87577
2025-01-09T02:54:15.796719Z,70.226,54.3545,374.966,-58.5166,-21.9417,43.582790,-79.208292,-6.31,4.72,3.70,84285.07084
2025-01-09T02:54:25.796719Z,77.088,54.4669,374.873,-64.1732,-24.0568,43.583508,-79.210756,-6.31,4.69,3.70,84285.28497
2025-01-09T02:54:35.796719Z,76.692,54.5781,375.937,-63.3647,-23.8211,43.584226,-79.213205,-6.31,4.65,3.70,84285.49801
2025-01-09T02:54:45.796719Z,76.955,54.4895,375.128,50.5576,18.9656,43.584967,-79.215650,-6.31,4.61,3.70,84285.71177
2025-01-09T02:54:55.796719Z,77.623,54.3899,374.381,57.0058,21.3419,43.585743,-79.218101,-6.31,4.57,3.70,84285.92739
2025-01-09T02:55:05.796719Z,77.329,54.2756,375.751,65.1633,24.4852,43.586488,-79.220558,-6.31,4.54,3.70,84286.14219
2025-01-09T02:55:15.796719Z,80.816,54.1394,375.812,77.6189,29.1701,43.587240,-79.223142,-6.31,4.50,3.70,84286.36668
2025-01-09T02:55:25.796719Z,76.629,54.0028,374.562,78.1334,29.2658,43.587986,-79.225572,-6.31,4.47,3.70,84286.57954
2025-01-09T02:55:35.796719Z,77.685,53.8521,375.427,85.9909,32.2833,43.588734,-79.228041,-6.31,4.43,3.70,84286.79533
2025-01-09T02:55:45.796719Z,75.634,53.7040,375.610,84.4164,31.7077,43.589487,-79.230431,-6.31,4.40,3.70,84287.00543
2025-01-09T02:55:55.796719Z,74.191,53.5602,375.063,82.1270,30.8028,43.590222,-79.232776,-6.31,4.36,3.70,84287.21151
2025-01-09T02:56:05.796719Z,68.185,53.4294,374.304,74.8699,28.0241,43.590935,-79.234909,-6.31,4.33,3.70,84287.40092
2025-01-09T02:56:15.796719Z,68.985,53.3044,373.575,71.6400,26.7629,43.591660,-79.237065,-6.31,4.29,3.70,84287.59254
2025-01-09T02:56:25.796719Z,66.956,53.1935,373.994,63.5160,23.7546,43.592328,-79.239180,-6.31,4.26,3.70,84287.77853
2025-01-09T02:56:35.796719Z,61.518,53.1061,373.415,50.1825,18.7389,43.592929,-79.241130,-6.31,4.22,3.70,84287.94942
2025-01-09T02:56:45.796719Z,61.532,53.0297,374.046,43.7488,16.3641,43.593541,-79.243074,-6.31,4.18,3.70,84288.12034
2025-01-09T02:56:55.796719Z,61.393,52.9670,374.124,35.8889,13.4269,43.594160,-79.245009,-6.31,4.15,3.70,84288.29087
2025-01-09T02:57:05.796719Z,57.826,53.0584,373.543,-52.4254,-19.5831,43.594724,-79.246843,-6.31,4.11,3.70,84288.45150
2025-01-09T02:57:15.796719Z,56.472,53.1503,373.667,-52.6579,-19.6765,43.595296,-79.248621,-6.31,4.07,3.70,84288.60837
2025-01-09T02:57:25.796719Z,60.002,53.2449,373.782,-54.2294,-20.2699,43.595891,-79.250518,-6.31,4.04,3.70,84288.77504
2025-01-09T02:57:35.796719Z,58.014,53.3346,374.192,-51.3320,-19.2080,43.596472,-79.252349,-6.31,4.00,3.70,84288.93619
2025-01-09T02:57:45.796719Z,61.852,53.4316,374.085,-55.5595,-20.7840,43.597114,-79.254287,-6.31,3.97,3.70,84289.10800
2025-01-09T02:57:55.796719Z,63.689,53.5330,373.757,-58.1301,-21.7266,43.597793,-79.256271,-6.31,3.93,3.70,84289.28492
2025-01-09T02:58:05.796719Z,64.578,53.4630,374.852,40.0148,14.9996,43.598495,-79.258274,-6.31,3.89,3.70,84289.46430
2025-01-09T02:58:15.796719Z,66.701,53.3823,374.599,46.1327,17.2813,43.599193,-79.260360,-6.31,3.86,3.70,84289.64958
2025-01-09T02:58:25.796719Z,72.186,53.2799,373.648,58.7314,21.9449,43.599968,-79.262606,-6.31,3.82,3.70,84289.85010
2025-01-09T02:58:35.796719Z,74.493,53.1579,373.851,69.8783,26.1241,43.600765,-79.264924,-6.31,3.79,3.70,84290.05702
2025-01-09T02:58:45.796719Z,73.647,53.0235,373.250,77.1365,28.7912,43.601528,-79.267234,-6.31,3.76,3.70,84290.26160
2025-01-09T02:58:55.796719Z,76.204,52.8757,374.987,84.4132,31.6539,43.602305,-79.269630,-6.31,3.73,3.70,84290.47328
2025-01-09T02:59:05.796719Z,81.318,52.7157,373.471,91.8019,34.2854,43.603167,-79.272167,-6.31,3.70,3.70,84290.69916
2025-01-09T02:59:15.796719Z,79.167,52.5601,373.367,89.2424,33.3202,43.604018,-79.274629,-6.31,3.67,3.70,84290.91907
2025-01-09T02:59:25.796719Z,82.001,52.4038,373.697,89.6113,33.4874,43.604898,-79.277180,-6.31,3.64,3.70,84291.14685
2025-01-09T02:59:35.796719Z,82.565,52.2534,373.839,86.1737,32.2151,43.605801,-79.279738,-6.31,3.60,3.70,84291.37620
2025-01-09T02:59:45.796719Z,78.530,52.1235,373.251,74.5086,27.8104,43.606637,-79.282185,-6.31,3.57,3.70,84291.59434
2025-01-09T02:59:55.796719Z,77.967,52.0071,373.431,66.7945,24.9431,43.607470,-79.284613,-6.31,3.54,3.70,84291.81091
2025-01-09T03:00:05.796719Z,74.276,51.9110,373.711,55.0888,20.5873,43.608277,-79.286917,-6.31,3.51,3.70,84292.01723
2025-01-09T03:00:15.796719Z,74.981,51.8259,372.966,48.8347,18.2137,43.609098,-79.289240,-6.31,3.47,3.70,84292.22551
2025-01-09T03:00:25.796719Z,73.637,51.9332,374.420,-61.3700,-22.9781,43.609891,-79.291528,-6.31,3.44,3.70,84292.43006
2025-01-09T03:00:35.796719Z,69.352,52.0350,372.721,-58.4649,-21.7911,43.610670,-79.293663,-6.31,3.41,3.70,84292.62270
2025-01-09T03:00:45.796719Z,66.345,52.1385,374.290,-59.2816,-22.1885,43.611385,-79.295725,-6.31,3.37,3.70,84292.80700
2025-01-09T03:00:55.796719Z,61.402,52.2364,373.266,-56.1682,-20.9657,43.612020,-79.297651,-6.31,3.34,3.70,84292.97756
2025-01-09T03:01:05.796719Z,62.567,52.3348,373.582,-56.4048,-21.0718,43.612660,-79.299618,-6.31,3.31,3.70,84293.15135
2025-01-09T03:01:15.796719Z,55.729,52.4250,372.922,-51.8042,-19.3189,43.613235,-79.301366,-6.31,3.28,3.70,84293.30616
2025-01-09T03:01:25.796719Z,57.457,52.3720,373.916,30.3398,11.3445,43.613809,-79.303181,-6.31,3.24,3.70,84293.46576
2025-01-09T03:01:35.796719Z,55.485,52.3037,373.627,39.1458,14.6259,43.614366,-79.304932,-6.31,3.21,3.70,84293.61988
2025-01-09T03:01:45.796719Z,50.282,52.2284,374.452,43.1223,16.1472,43.614847,-79.306533,-6.31,3.17,3.70,84293.75956
2025-01-09T03:01:55.796719Z,53.508,52.1366,373.231,52.6697,19.6580,43.615386,-79.308220,-6.31,3.14,3.70,84293.90819
2025-01-09T03:02:05.796719Z,48.827,52.0346,372.804,58.6159,21.8523,43.615851,-79.309775,-6.31,3.11,3.70,84294.04382
2025-01-09T03:02:15.796719Z,52.902,51.9212,373.483,65.0133,24.2814,43.616374,-79.311449,-6.31,3.08,3.70,84294.19077
2025-01-09T03:02:25.796719Z,52.031,51.8006,372.819,69.2966,25.8351,43.616876,-79.313104,-6.31,3.05,3.70,84294.33530
2025-01-09T03:02:35.796719Z,51.845,51.6839,374.309,66.7937,25.0015,43.617388,-79.314745,-6.31,3.02,3.70,84294.47931
2025-01-09T03:02:45.796719Z,56.868,51.5649,372.985,68.3181,25.4816,43.617952,-79.316543,-6.31,2.99,3.70,84294.63728
2025-01-09T03:02:55.796719Z,58.987,51.4501,372.928,65.9578,24.5976,43.618504,-79.318428,-6.31,2.96,3.70,84294.80113
2025-01-09T03:03:05.796719Z,62.456,51.3376,373.284,64.5344,24.0896,43.619117,-79.320407,-6.31,2.93,3.70,84294.97462
2025-01-09T03:03:15.796719Z,60.612,51.2409,373.713,55.4603,20.7262,43.619730,-79.322317,-6.31,2.90,3.70,84295.14299
2025-01-09T03:03:25.796719Z,65.967,51.1523,372.909,50.8523,18.9633,43.620368,-79.324413,-6.31,2.86,3.70,84295.32623
2025-01-09T03:03:35.796719Z,63.962,51.0853,373.617,38.4319,14.3588,43.621003,-79.326436,-6.31,2.83,3.70,84295.50390
2025-01-09T03:03:45.796719Z,68.266,51.1857,373.937,-57.5248,-21.5106,43.621678,-79.328596,-6.31,2.80,3.70,84295.69353
2025-01-09T03:03:55.796719Z,68.620,51.2886,372.509,-59.1364,-22.0288,43.622354,-79.330770,-6.31,2.77,3.70,84295.88414
2025-01-09T03:04:05.796719Z,67.429,51.3919,373.661,-59.2570,-22.1420,43.622985,-79.332924,-6.31,2.74,3.70,84296.07144
2025-01-09T03:04:15.796719Z,69.863,51.4992,372.757,-61.6232,-22.9705,43.623614,-79.335170,-6.31,2.71,3.70,84296.26551
2025-01-09T03:04:25.796719Z,65.745,51.5989,374.317,-57.0884,-21.3692,43.624241,-79.337264,-6.31,2.68,3.70,84296.44813
2025-01-09T03:04:35.796719Z,63.810,51.6953,373.479,-55.2774,-20.6450,43.624855,-79.339294,-6.31,2.65,3.70,84296.62538
2025-01-09T03:04:45.796719Z,61.598,51.7893,373.245,-53.9266,-20.1278,43.625464,-79.341243,-6.31,2.62,3.70,84296.79649
2025-01-09T03:04:55.796719Z,58.517,51.7255,374.380,36.4814,13.6579,43.626069,-79.343080,-6.31,2.59,3.70,84296.95904
2025-01-09T03:05:05.796719Z,57.068,51.6489,374.115,43.8885,16.4193,43.626664,-79.344867,-6.31,2.56,3.70,84297.11756
2025-01-09T03:05:15.796719Z,54.010,51.5616,373.009,50.0844,18.6819,43.627224,-79.346560,-6.31,2.53,3.70,84297.26759
2025-01-09T03:05:25.796719Z,50.625,51.4606,372.608,58.0912,21.6453,43.627762,-79.348139,-6.31,2.50,3.70,84297.40821
2025-01-09T03:05:35.796719Z,41.842,51.3566,373.817,59.5604,22.2647,43.628202,-79.349448,-6.31,2.47,3.70,84297.52444
2025-01-09T03:05:45.796719Z,43.405,51.2516,372.549,60.3803,22.4946,43.628658,-79.350805,-6.31,2.44,3.70,84297.64501
2025-01-09T03:05:55.796719Z,38.953,51.1454,373.018,61.0224,22.7624,43.629080,-79.352014,-6.31,2.41,3.70,84297.75321
2025-01-09T03:06:05.796719Z,38.629,51.0405,373.316,60.1570,22.4576,43.629505,-79.353210,-6.31,2.38,3.70,84297.86052
2025-01-09T03:06:15.796719Z,32.310,50.9464,372.722,54.1163,20.1703,43.629853,-79.354215,-6.31,2.35,3.70,84297.95027
2025-01-09T03:06:25.796719Z,34.889,50.8582,372.996,50.5975,18.8726,43.630240,-79.355292,-6.31,2.32,3.70,84298.04718
2025-01-09T03:06:35.796719Z,30.974,50.7838,372.200,42.8162,15.9362,43.630599,-79.356238,-6.31,2.29,3.70,84298.13322
2025-01-09T03:06:45.796719Z,32.589,50.7278,372.912,32.1670,11.9955,43.630976,-79.357233,-6.31,2.26,3.70,84298.22375
2025-01-09T03:06:55.796719Z,33.617,50.6847,372.973,24.8012,9.2502,43.631377,-79.358251,-6.31,2.23,3.70,84298.31713
2025-01-09T03:07:05.796719Z,35.359,50.6510,372.844,19.3220,7.2041,43.631814,-79.359310,-6.31,2.20,3.70,84298.41535
2025-01-09T03:07:15.796719Z,37.164,50.7230,372.421,-41.3900,-15.4145,43.632255,-79.360438,-6.31,2.17,3.70,84298.51858
2025-01-09T03:07:25.796719Z,37.704,50.7969,373.715,-42.3842,-15.8396,43.632717,-79.361570,-6.31,2.14,3.70,84298.62331
2025-01-09T03:07:35.796719Z,43.962,50.8717,372.767,-42.9307,-16.0031,43.633272,-79.362877,-6.31,2.11,3.70,84298.74543
2025-01-09T03:07:45.796719Z,27.342,50.9338,373.209,-35.6965,-13.3223,43.633617,-79.363690,-6.31,2.08,3.70,84298.82138
2025-01-09T03:07:55.796719Z,13.929,50.9281,372.682,3.2859,1.2246,43.633791,-79.364106,-6.31,2.05,3.70,84298.86007
2025-01-09T03:08:05.796719Z,0.000,50.9150,372.856,7.5236,2.8052,43.633791,-79.364106,-6.31,2.01,3.70,84298.86007
2025-01-09T08:12:50.864732Z,0.000,50.9109,373.691,2.3424,0.8753,43.633791,-79.364106,3.44,11.28,2.92,84298.86007
2025-01-09T08:13:00.864732Z,10.003,50.9120,373.263,-0.5833,-0.2177,43.633635,-79.363836,3.44,11.25,2.92,84298.88786
2025-01-09T08:13:10.864732Z,18.578,50.9660,373.191,-31.0268,-11.5789,43.633350,-79.363331,3.44,11.22,2.92,84298.93947
2025-01-09T08:13:20.864732Z,31.075,51.0317,373.257,-37.7036,-14.0731,43.632872,-79.362488,3.44,11.20,2.92,84299.02579
2025-01-09T08:13:30.864732Z,28.842,51.0927,373.189,-35.0125,-13.0663,43.632423,-79.361711,3.44,11.17,2.92,84299.10590
2025-01-09T08:13:40.864732Z,31.661,51.1615,373.638,-39.4444,-14.7379,43.631935,-79.360852,3.44,11.14,2.92,84299.19385
2025-01-09T08:13:50.864732Z,29.800,51.1374,372.483,13.8779,5.1693,43.631465,-79.360056,3.44,11.11,2.92,84299.27663
2025-01-09T08:14:00.864732Z,31.276,51.0957,372.556,23.9728,8.9312,43.630971,-79.359221,3.44,11.09,2.92,84299.36351
2025-01-09T08:14:10.864732Z,33.820,51.0346,373.853,34.9818,13.0780,43.630425,-79.358333,3.44,11.06,2.92,84299.45745
2025-01-09T08:14:20.864732Z,38.538,50.9623,374.022,41.4503,15.5033,43.629801,-79.357321,3.44,11.03,2.92,84299.56450
2025-01-09T08:14:30.864732Z,43.907,50.8710,373.444,52.3739,19.5587,43.629098,-79.356161,3.44,11.01,2.92,84299.68647
2025-01-09T08:14:40.864732Z,47.329,50.7714,373.368,57.0943,21.3172,43.628323,-79.354930,3.44,10.98,2.92,84299.81794
2025-01-09T08:14:50.864732Z,50.058,50.6629,373.780,62.1875,23.2444,43.627481,-79.353655,3.44,10.96,2.92,84299.95699
2025-01-09T08:15:00.864732Z,48.838,50.5582,373.098,60.1115,22.4274,43.626680,-79.352386,3.44,10.94,2.92,84300.09265
2025-01-09T08:15:10.864732Z,56.258,50.4482,372.354,63.2679,23.5581,43.625771,-79.350908,3.44,10.91,2.92,84300.24892
2025-01-09T08:15:20.864732Z,56.769,50.3419,372.563,61.1127,22.7684,43.624863,-79.349406,3.44,10.89,2.92,84300.40661
2025-01-09T08:15:30.864732Z,60.397,50.2454,372.319,55.5356,20.6770,43.623873,-79.347836,3.44,10.86,2.92,84300.57438
2025-01-09T08:15:40.864732Z,59.973,50.1652,371.960,46.1764,17.1758,43.622914,-79.346249,3.44,10.84,2.92,84300.74097
2025-01-09T08:15:50.864732Z,64.454,50.0931,373.327,41.3554,15.4391,43.621880,-79.344547,3.44,10.81,2.92,84300.92001
2025-01-09T08:16:00.864732Z,61.997,50.0392,371.959,31.0682,11.5561,43.620909,-79.342884,3.44,10.79,2.92,84301.09223
2025-01-09T08:16:10.864732Z,60.634,50.1371,373.199,-56.1748,-20.9644,43.619955,-79.341262,3.44,10.76,2.92,84301.26066
2025-01-09T08:16:20.864732Z,59.233,50.2279,373.320,-52.1186,-19.4569,43.619017,-79.339684,3.44,10.74,2.92,84301.42519
2025-01-09T08:16:30.864732Z,57.430,50.3165,372.655,-50.9479,-18.9860,43.618100,-79.338163,3.44,10.72,2.92,84301.58472
2025-01-09T08:16:40.864732Z,58.709,50.4081,373.653,-52.5084,-19.6199,43.617147,-79.336626,3.44,10.69,2.92,84301.74780
2025-01-09T08:16:50.864732Z,58.414,50.5007,371.917,-53.3405,-19.8382,43.616199,-79.335097,3.44,10.67,2.92,84301.91006
2025-01-09T08:17:00.864732Z,54.534,50.5925,372.209,-52.7822,-19.6460,43.615301,-79.333684,3.44,10.65,2.92,84302.06154
2025-01-09T08:17:10.864732Z,49.078,50.5522,372.260,23.1768,8.6278,43.614501,-79.332403,3.44,10.62,2.92,84302.19787
2025-01-09T08:17:20.864732Z,49.493,50.4992,373.561,30.3639,11.3428,43.613681,-79.331128,3.44,10.59,2.92,84302.33535
2025-01-09T08:17:30.864732Z,50.837,50.4285,372.667,40.6394,15.1450,43.612818,-79.329844,3.44,10.57,2.92,84302.47657
2025-01-09T08:17:40.864732Z,46.145,50.3530,373.456,43.2987,16.1702,43.612034,-79.328679,3.44,10.55,2.92,84302.60475
2025-01-09T08:17:50.864732Z,47.744,50.2635,372.177,51.5604,19.1896,43.611229,-79.327466,3.44,10.52,2.92,84302.73737
2025-01-09T08:18:00.864732Z,48.827,50.1583,372.792,60.4080,22.5196,43.610427,-79.326199,3.44,10.50,2.92,84302.87300
2025-01-09T08:18:10.864732Z,48.213,50.0495,372.873,62.5037,23.3060,43.609614,-79.324974,3.44,10.48,2.92,84303.00692
2025-01-09T08:18:20.864732Z,47.482,49.9440,373.266,60.5491,22.6009,43.608808,-79.323776,3.44,10.46,2.92,84303.13882
2025-01-09T08:18:30.864732Z,46.579,49.8431,372.502,58.0257,21.6147,43.608030,-79.322583,3.44,10.44,2.92,84303.26820
2025-01-09T08:18:40.864732Z,49.115,49.7491,371.426,54.1900,20.1276,43.607213,-79.321321,3.44,10.41,2.92,84303.40463
2025-01-09T08:18:50.864732Z,51.121,49.6616,372.569,50.3213,18.7481,43.606362,-79.320009,3.44,10.39,2.92,84303.54664
2025-01-09T08:19:00.864732Z,56.332,49.5787,372.821,47.6516,17.7655,43.605427,-79.318560,3.44,10.37,2.92,84303.70311
2025-01-09T08:19:10.864732Z,60.721,49.5045,373.096,42.5706,15.8829,43.604396,-79.317026,3.44,10.34,2.92,84303.87178
2025-01-09T08:19:20.864732Z,62.658,49.4467,371.975,33.3111,12.3909,43.603345,-79.315427,3.44,10.32,2.92,84304.04583
2025-01-09T08:19:30.864732Z,65.301,49.5485,372.861,-58.4813,-21.8054,43.602237,-79.313777,3.44,10.30,2.92,84304.22722
2025-01-09T08:19:40.864732Z,66.873,49.6489,371.850,-57.8612,-21.5157,43.601085,-79.312111,3.44,10.28,2.92,84304.41298
2025-01-09T08:19:50.864732Z,74.008,49.7596,371.654,-63.8067,-23.7140,43.599835,-79.310233,3.44,10.26,2.92,84304.61856
2025-01-09T08:20:00.864732Z,74.683,49.8698,372.506,-63.3650,-23.6038,43.598542,-79.308380,3.44,10.24,2.92,84304.82601
2025-01-09T08:20:10.864732Z,75.627,49.9799,371.796,-63.4515,-23.5910,43.597254,-79.306476,3.44,10.22,2.92,84305.03609
2025-01-09T08:20:20.864732Z,73.733,50.0865,373.113,-61.1668,-22.8221,43.595984,-79.304638,3.44,10.19,2.92,84305.24090
2025-01-09T08:20:30.864732Z,74.310,50.1966,372.561,-63.3219,-23.5913,43.594726,-79.302756,3.44,10.17,2.92,84305.44732
2025-01-09T08:20:40.864732Z,76.682,50.1103,372.616,49.6250,18.4911,43.593414,-79.300833,3.44,10.15,2.92,84305.66032
2025-01-09T08:20:50.864732Z,74.492,50.0154,373.176,54.4668,20.3257,43.592106,-79.299010,3.44,10.13,2.92,84305.86725
2025-01-09T08:21:00.864732Z,73.547,49.9075,372.001,62.1634,23.1248,43.590803,-79.297226,3.44,10.11,2.92,84306.07154
2025-01-09T08:21:10.864732Z,73.342,49.7898,373.227,67.5055,25.1949,43.589504,-79.295446,3.44,10.09,2.92,84306.27527
2025-01-09T08:21:20.864732Z,66.733,49.6695,371.787,69.3491,25.7831,43.588310,-79.293843,3.44,10.07,2.92,84306.46064
2025-01-09T08:21:30.864732Z,65.433,49.5408,371.662,74.1612,27.5629,43.587146,-79.292263,3.44,10.05,2.92,84306.64240
2025-01-09T08:21:40.864732Z,67.249,49.4133,371.457,73.5309,27.3136,43.585923,-79.290677,3.44,10.03,2.92,84306.82920
2025-01-09T08:21:50.864732Z,63.039,49.2909,372.660,70.3207,26.2057,43.584795,-79.289162,3.44,10.02,2.92,84307.00431
2025-01-09T08:22:00.864732Z,58.044,49.1797,371.771,64.1033,23.8318,43.583764,-79.287759,3.44,10.00,2.92,84307.16554
2025-01-09T08:22:10.864732Z,59.866,49.0747,372.230,60.4255,22.4922,43.582716,-79.286289,3.44,9.98,2.92,84307.33183
2025-01-09T08:22:20.864732Z,54.914,48.9920,372.876,47.4963,17.7102,43.581743,-79.284957,3.44,9.95,2.92,84307.48437
2025-01-09T08:22:30.864732Z,57.646,48.9237,371.560,39.3678,14.6275,43.580725,-79.283554,3.44,9.93,2.92,84307.64450
2025-01-09T08:22:40.864732Z,54.781,48.8671,372.347,32.5759,12.1295,43.579740,-79.282245,3.44,9.91,2.92,84307.79667
2025-01-09T08:22:50.864732Z,55.568,48.9601,370.976,-53.7446,-19.9380,43.578733,-79.280930,3.44,9.89,2.92,84307.95103
2025-01-09T08:23:00.864732Z,57.622,49.0514,372.527,-52.4670,-19.5454,43.577712,-79.279532,3.44,9.87,2.92,84308.11109
2025-01-09T08:23:10.864732Z,58.914,49.1467,371.337,-54.9640,-20.4102,43.576661,-79.278113,3.44,9.85,2.92,84308.27474
2025-01-09T08:23:20.864732Z,61.821,49.2436,372.785,-55.6698,-20.7528,43.575578,-79.276597,3.44,9.83,2.92,84308.44646
2025-01-09T08:23:30.864732Z,65.798,49.3428,371.789,-57.1448,-21.2458,43.574401,-79.275017,3.44,9.81,2.92,84308.62923
2025-01-09T08:23:40.864732Z,68.621,49.4454,371.250,-59.2216,-21.9861,43.573183,-79.273356,3.44,9.79,2.92,84308.81985
2025-01-09T08:23:50.864732Z,70.504,49.5530,372.808,-61.8103,-23.0434,43.571905,-79.271688,3.44,9.77,2.92,84309.01569
2025-01-09T08:24:00.864732Z,70.641,49.4804,372.224,41.7448,15.5384,43.570642,-79.269991,3.44,9.75,2.92,84309.21192
2025-01-09T08:24:10.864732Z,76.145,49.3881,372.900,53.0233,19.7724,43.569295,-79.268141,3.44,9.73,2.92,84309.42343
2025-01-09T08:24:20.864732Z,76.900,49.2753,372.719,64.8200,24.1596,43.567938,-79.266268,3.44,9.71,2.92,84309.63704
2025-01-09T08:24:30.864732Z,82.731,49.1429,372.177,76.2007,28.3602,43.566512,-79.264208,3.44,9.70,2.92,84309.86685
2025-01-09T08:24:40.864732Z,82.819,48.9982,371.149,83.5172,30.9973,43.565051,-79.262191,3.44,9.68,2.92,84310.09690
2025-01-09T08:24:50.864732Z,81.213,48.8500,371.889,85.3572,31.7434,43.563637,-79.260188,3.44,9.66,2.92,84310.32249
2025-01-09T08:25:00.864732Z,84.765,48.6965,371.216,88.5597,32.8748,43.562173,-79.258081,3.44,9.65,2.92,84310.55795
2025-01-09T08:25:10.864732Z,81.403,48.5471,370.949,86.2944,32.0109,43.560744,-79.256089,3.44,9.63,2.92,84310.78407
2025-01-09T08:25:20.864732Z,81.972,48.3982,372.437,85.6440,31.8970,43.559329,-79.254050,3.44,9.62,2.92,84311.01177
2025-01-09T08:25:30.864732Z,80.438,48.2663,371.742,76.0234,28.2611,43.557948,-79.252041,3.44,9.60,2.92,84311.23521
2025-01-09T08:25:40.864732Z,74.836,48.1526,372.216,65.4170,24.3493,43.556696,-79.250128,3.44,9.58,2.92,84311.44309
2025-01-09T08:25:50.864732Z,75.098,48.0561,371.425,55.6588,20.6731,43.555469,-79.248174,3.44,9.56,2.92,84311.65169
2025-01-09T08:26:00.864732Z,71.418,47.9761,371.133,46.1419,17.1247,43.554289,-79.246331,3.44,9.54,2.92,84311.85008
2025-01-09T08:26:10.864732Z,70.232,47.9097,371.494,38.3027,14.2292,43.553148,-79.244496,3.44,9.52,2.92,84312.04517
2025-01-09T08:26:20.864732Z,63.052,48.0051,370.560,-55.1688,-20.4433,43.552139,-79.242830,3.44,9.50,2.92,84312.22031
2025-01-09T08:26:30.864732Z,62.438,48.0985,371.555,-53.8020,-19.9904,43.551153,-79.241166,3.44,9.49,2.92,84312.39375
2025-01-09T08:26:40.864732Z,63.253,48.1947,372.026,-55.3890,-20.6061,43.550133,-79.239503,3.44,9.47,2.92,84312.56945
2025-01-09T08:26:50.864732Z,58.793,48.2878,370.787,-53.8288,-19.9590,43.549171,-79.237975,3.44,9.45,2.92,84312.73277
2025-01-09T08:27:00.864732Z,56.653,48.3775,371.323,-51.7103,-19.2012,43.548248,-79.236498,3.44,9.43,2.92,84312.89013
2025-01-09T08:27:10.864732Z,57.418,48.4712,371.239,-54.0548,-20.0672,43.547290,-79.235028,3.44,9.41,2.92,84313.04963
2025-01-09T08:27:20.864732Z,57.401,48.4211,371.197,28.9102,10.7314,43.546331,-79.233560,3.44,9.39,2.92,84313.20908
2025-01-09T08:27:30.864732Z,55.565,48.3583,370.694,36.2710,13.4454,43.545380,-79.232169,3.44,9.37,2.92,84313.36342
2025-01-09T08:27:40.864732Z,57.473,48.2820,372.192,43.8866,16.3342,43.544380,-79.230750,3.44,9.35,2.92,84313.52307
2025-01-09T08:27:50.864732Z,60.139,48.1859,371.922,55.3442,20.5837,43.543360,-79.229231,3.44,9.33,2.92,84313.69012
2025-01-09T08:28:00.864732Z,63.427,48.0766,371.432,63.0291,23.4110,43.542280,-79.227635,3.44,9.32,2.92,84313.86631
2025-01-09T08:28:10.864732Z,67.061,47.9555,371.936,69.7887,25.9570,43.541131,-79.225957,3.44,9.30,2.92,84314.05259
2025-01-09T08:28:20.864732Z,68.009,47.8266,370.933,74.4105,27.6014,43.539987,-79.224228,3.44,9.28,2.92,84314.24150
2025-01-09T08:28:30.864732Z,72.020,47.6908,371.523,78.2896,29.0864,43.538804,-79.222362,3.44,9.27,2.92,84314.44156
2025-01-09T08:28:40.864732Z,73.827,47.5536,370.706,79.2893,29.3931,43.537608,-79.220429,3.44,9.25,2.92,84314.64664
2025-01-09T08:28:50.864732Z,74.364,47.4278,371.615,72.5066,26.9446,43.536408,-79.218477,3.44,9.24,2.92,84314.85320
2025-01-09T08:29:00.864732Z,72.224,47.3123,371.269,66.6598,24.7487,43.535231,-79.216594,3.44,9.22,2.92,84315.05383
2025-01-09T08:29:10.864732Z,76.168,47.2052,370.695,61.8904,22.9425,43.533985,-79.214614,3.44,9.21,2.92,84315.26540
2025-01-09T08:29:20.864732Z,78.667,47.1085,371.865,55.6496,20.6941,43.532726,-79.212537,3.44,9.19,2.92,84315.48392
2025-01-09T08:29:30.864732Z,76.864,47.0283,370.017,46.4508,17.1876,43.531509,-79.210492,3.44,9.17,2.92,84315.69744
2025-01-09T08:29:40.864732Z,75.440,47.1369,371.781,-62.5759,-23.2645,43.530342,-79.208455,3.44,9.15,2.92,84315.90699
2025-01-09T08:29:50.864732Z,76.047,47.2447,371.293,-62.1873,-23.0897,43.529137,-79.206433,3.44,9.14,2.92,84316.11823
2025-01-09T08:30:00.864732Z,75.034,47.3565,371.766,-64.3977,-23.9409,43.527935,-79.204453,3.44,9.12,2.92,84316.32666
2025-01-09T08:30:10.864732Z,68.832,47.4565,370.500,-57.8190,-21.4219,43.526821,-79.202651,3.44,9.10,2.92,84316.51786
2025-01-09T08:30:20.864732Z,64.887,47.5571,371.282,-58.0750,-21.5622,43.525759,-79.200964,3.44,9.09,2.92,84316.69810
2025-01-09T08:30:30.864732Z,63.380,47.6525,370.391,-55.1341,-20.4212,43.524748,-79.199287,3.44,9.07,2.92,84316.87416
2025-01-09T08:30:40.864732Z,61.620,47.5969,370.748,32.1382,11.9152,43.523763,-79.197659,3.44,9.05,2.92,84317.04532
2025-01-09T08:30:50.864732Z,60.131,47.5323,371.733,37.2217,13.8365,43.522812,-79.196058,3.44,9.03,2.92,84317.21236
2025-01-09T08:31:00.864732Z,53.773,47.4643,370.364,39.3009,14.5557,43.521955,-79.194634,3.44,9.01,2.92,84317.36172
2025-01-09T08:31:10.864732Z,51.911,47.3799,370.714,48.7932,18.0883,43.521143,-79.193243,3.44,9.00,2.92,84317.50592
2025-01-09T08:31:20.864732Z,50.292,47.2858,371.702,54.1882,20.1419,43.520355,-79.191896,3.44,8.98,2.92,84317.64562
2025-01-09T08:31:30.864732Z,49.136,47.1813,371.023,60.3669,22.3975,43.519599,-79.190565,3.44,8.96,2.92,84317.78211
2025-01-09T08:31:40.864732Z,49.500,47.0755,371.416,60.9981,22.6557,43.518853,-79.189207,3.44,8.95,2.92,84317.91961
2025-01-09T08:31:50.864732Z,46.891,46.9679,370.897,62.1319,23.0446,43.518130,-79.187938,3.44,8.93,2.92,84318.04987
2025-01-09T08:32:00.864732Z,44.134,46.8692,370.891,57.0291,21.1516,43.517452,-79.186741,3.44,8.92,2.92,84318.17246
2025-01-09T08:32:10.864732Z,46.271,46.7746,371.453,54.5236,20.2530,43.516737,-79.185491,3.44,8.90,2.92,84318.30099
2025-01-09T08:32:20.864732Z,46.393,46.6922,371.256,47.5527,17.6542,43.516029,-79.184228,3.44,8.88,2.92,84318.42986
2025-01-09T08:32:30.864732Z,50.790,46.6190,370.973,42.2532,15.6748,43.515247,-79.182853,3.44,8.87,2.92,84318.57094
2025-01-09T08:32:40.864732Z,51.028,46.5592,369.872,34.6537,12.8174,43.514471,-79.181461,3.44,8.85,2.92,84318.71269
2025-01-09T08:32:50.864732Z,52.222,46.5096,370.887,28.6187,10.6143,43.513653,-79.180062,3.44,8.83,2.92,84318.85775
2025-01-09T08:33:00.864732Z,54.029,46.6012,371.235,-52.8269,-19.6112,43.512810,-79.178611,3.44,8.81,2.92,84319.00783
2025-01-09T08:33:10.864732Z,55.786,46.6948,369.848,-54.2181,-20.0524,43.511933,-79.177121,3.44,8.80,2.92,84319.16279
2025-01-09T08:33:20.864732Z,58.841,46.7880,369.805,-53.9591,-19.9543,43.511019,-79.175536,3.44,8.78,2.92,84319.32624
2025-01-09T08:33:30.864732Z,59.103,46.8799,369.897,-53.2409,-19.6937,43.510120,-79.173924,3.44,8.77,2.92,84319.49042
2025-01-09T08:33:40.864732Z,63.505,46.9807,370.869,-58.2347,-21.5974,43.509129,-79.172220,3.44,8.75,2.92,84319.66682
2025-01-09T08:33:50.864732Z,61.884,47.0779,370.057,-56.2727,-20.8241,43.508180,-79.170540,3.44,8.74,2.92,84319.83872
2025-01-09T08:34:00.864732Z,64.172,47.1779,370.186,-57.8655,-21.4210,43.507190,-79.168804,3.44,8.72,2.92,84320.01697
2025-01-09T08:34:10.864732Z,61.824,47.1182,371.131,34.4820,12.7974,43.506211,-79.167160,3.44,8.70,2.92,84320.18871
2025-01-09T08:34:20.864732Z,57.606,47.0437,370.772,43.0278,15.9535,43.505293,-79.165636,3.44,8.69,2.92,84320.34872
2025-01-09T08:34:30.864732Z,60.499,46.9559,371.491,50.6648,18.8215,43.504342,-79.164020,3.44,8.67,2.92,84320.51678
2025-01-09T08:34:40.864732Z,58.860,46.8593,371.063,55.7441,20.6846,43.503411,-79.162453,3.44,8.66,2.92,84320.68028
2025-01-09T08:34:50.864732Z,50.892,46.7607,371.264,56.8950,21.1230,43.502627,-79.161076,3.44,8.64,2.92,84320.82164
2025-01-09T08:35:00.864732Z,48.866,46.6532,370.267,62.1814,23.0238,43.501853,-79.159777,3.44,8.63,2.92,84320.95738
2025-01-09T08:35:10.864732Z,48.407,46.5458,371.548,61.8948,22.9969,43.501096,-79.158479,3.44,8.61,2.92,84321.09185
2025-01-09T08:35:20.864732Z,45.003,46.4393,370.643,61.5482,22.8124,43.500399,-79.157265,3.44,8.60,2.92,84321.21685
2025-01-09T08:35:30.864732Z,41.784,46.3452,369.567,54.5456,20.1582,43.499742,-79.156150,3.44,8.58,2.92,84321.33292
2025-01-09T08:35:40.864732Z,37.273,46.2629,370.238,47.6098,17.6270,43.499173,-79.155135,3.44,8.57,2.92,84321.43646
2025-01-09T08:35:50.864732Z,36.408,46.1984,369.556,37.3934,13.8190,43.498622,-79.154139,3.44,8.55,2.92,84321.53759
2025-01-09T08:36:00.864732Z,30.656,46.1465,370.815,29.9843,11.1186,43.498145,-79.153315,3.44,8.53,2.92,84321.62275
2025-01-09T08:36:10.864732Z,30.875,46.1132,370.803,19.2076,7.1222,43.497667,-79.152481,3.44,8.51,2.92,84321.70851
2025-01-09T08:36:20.864732Z,32.038,46.1794,370.794,-38.2021,-14.1651,43.497162,-79.151627,3.44,8.50,2.92,84321.79750
2025-01-09T08:36:30.864732Z,31.946,46.2412,370.081,-35.7930,-13.2463,43.496669,-79.150764,3.44,8.48,2.92,84321.88624
2025-01-09T08:36:40.864732Z,28.959,46.3048,370.194,-36.7834,-13.6170,43.496226,-79.149977,3.44,8.47,2.92,84321.96668
2025-01-09T08:36:50.864732Z,20.990,46.3579,370.064,-30.7422,-11.3766,43.495897,-79.149415,3.44,8.45,2.92,84322.02499
2025-01-09T08:37:00.864732Z,10.455,46.3664,369.976,-4.8920,-1.8099,43.495733,-79.149136,3.44,8.43,2.92,84322.05403
2025-01-09T08:37:10.864732Z,0.000,46.3652,369.636,0.6426,0.2375,43.495733,-79.149136,3.44,8.41,2.92,84322.05403
2025-01-09T17:17:25.909061Z,0.000,46.3732,370.360,-4.6016,-1.7042,43.495733,-79.149136,8.46,14.14,2.80,84322.05403
2025-01-09T17:17:35.909061Z,8.594,46.3859,371.315,-7.3203,-2.7181,43.495518,-79.149126,8.46,14.12,2.80,84322.07790
2025-01-09T17:17:45.909061Z,20.952,46.4421,370.237,-32.5264,-12.0425,43.494996,-79.149087,8.46,14.10,2.80,84322.13610
2025-01-09T17:17:55.909061Z,32.516,46.5071,370.197,-37.6078,-13.9223,43.494187,-79.149006,8.46,14.08,2.80,84322.22642
2025-01-09T17:18:05.909061Z,35.333,46.5775,370.100,-40.7491,-15.0812,43.493309,-79.148898,8.46,14.07,2.80,84322.32457
2025-01-09T17:18:15.909061Z,40.564,46.5418,370.809,20.6174,7.6451,43.492300,-79.148793,8.46,14.04,2.80,84322.43725
2025-01-09T17:18:25.909061Z,40.210,46.4891,369.834,30.5167,11.2861,43.491300,-79.148670,8.46,14.03,2.80,84322.54895
2025-01-09T17:18:35.909061Z,42.907,46.4230,370.062,38.2992,14.1731,43.490233,-79.148547,8.46,14.01,2.80,84322.66813
2025-01-09T17:18:45.909061Z,50.002,46.3353,371.170,50.5780,18.7731,43.488992,-79.148377,8.46,13.99,2.80,84322.80703
2025-01-09T17:18:55.909061Z,54.317,46.2346,369.577,58.3835,21.5772,43.487642,-79.148199,8.46,13.97,2.80,84322.95791
2025-01-09T17:19:05.909061Z,53.603,46.1271,370.011,62.2411,23.0299,43.486311,-79.148016,8.46,13.96,2.80,84323.10681
2025-01-09T17:19:15.909061Z,59.330,46.0080,369.546,69.0057,25.5008,43.484838,-79.147819,8.46,13.94,2.80,84323.27161
2025-01-09T17:19:25.909061Z,62.376,45.8883,371.060,69.1311,25.6518,43.483286,-79.147662,8.46,13.93,2.80,84323.44488
2025-01-09T17:19:35.909061Z,64.281,45.7754,370.860,65.2115,24.1843,43.481684,-79.147551,8.46,13.91,2.80,84323.62344
2025-01-09T17:19:45.909061Z,66.475,45.6660,370.087,63.3080,23.4295,43.480028,-79.147419,8.46,13.90,2.80,84323.80809
2025-01-09T17:19:55.909061Z,66.765,45.5716,369.471,54.7357,20.2233,43.478365,-79.147273,8.46,13.88,2.80,84323.99355
2025-01-09T17:20:05.909061Z,62.959,45.4944,369.088,44.7611,16.5208,43.476796,-79.147161,8.46,13.87,2.80,84324.16843
2025-01-09T17:20:15.909061Z,65.198,45.4260,371.004,39.5151,14.6603,43.475171,-79.147069,8.46,13.85,2.80,84324.34954
2025-01-09T17:20:25.909061Z,60.401,45.3791,369.218,27.2005,10.0429,43.473664,-79.147020,8.46,13.83,2.80,84324.51732
2025-01-09T17:20:35.909061Z,61.820,45.4783,370.622,-57.3178,-21.2432,43.472121,-79.147001,8.46,13.81,2.80,84324.68904
2025-01-09T17:20:45.909061Z,59.893,45.5731,369.176,-55.0393,-20.3192,43.470627,-79.147015,8.46,13.80,2.80,84324.85541
2025-01-09T17:20:55.909061Z,56.127,45.6671,369.742,-54.4008,-20.1143,43.469226,-79.147044,8.46,13.78,2.80,84325.01132
2025-01-09T17:21:05.909061Z,54.158,45.7518,370.337,-49.0312,-18.1581,43.467875,-79.147079,8.46,13.77,2.80,84325.16176
2025-01-09T17:21:15.909061Z,54.537,45.8406,369.421,-51.4469,-19.0056,43.466516,-79.147156,8.46,13.75,2.80,84325.31325
2025-01-09T17:21:25.909061Z,54.028,45.9317,369.670,-52.8134,-19.5236,43.465168,-79.147205,8.46,13.73,2.80,84325.46332
2025-01-09T17:21:35.909061Z,51.395,45.8863,369.752,26.2973,9.7235,43.463887,-79.147294,8.46,13.72,2.80,84325.60609
2025-01-09T17:21:45.909061Z,51.646,45.8287,370.369,33.3373,12.3471,43.462602,-79.147420,8.46,13.70,2.80,84325.74955
2025-01-09T17:21:55.909061Z,47.431,45.7586,370.854,40.4639,15.0062,43.461421,-79.147527,8.46,13.68,2.80,84325.88130
2025-01-09T17:22:05.909061Z,52.271,45.6725,370.156,49.8182,18.4405,43.460118,-79.147622,8.46,13.67,2.80,84326.02650
2025-01-09T17:22:15.909061Z,54.665,45.5720,369.335,58.2973,21.5312,43.458756,-79.147729,8.46,13.65,2.80,84326.17835
2025-01-09T17:22:25.909061Z,56.258,45.4658,370.593,61.3614,22.7401,43.457357,-79.147879,8.46,13.64,2.80,84326.33462
2025-01-09T17:22:35.909061Z,58.931,45.3480,370.303,68.1342,25.2303,43.455893,-79.148082,8.46,13.62,2.80,84326.49832
2025-01-09T17:22:45.909061Z,61.888,45.2321,370.361,67.0519,24.8334,43.454354,-79.148258,8.46,13.61,2.80,84326.67023
2025-01-09T17:22:55.909061Z,59.850,45.1210,369.551,64.3955,23.7974,43.452869,-79.148468,8.46,13.60,2.80,84326.83648
2025-01-09T17:23:05.909061Z,66.262,45.0081,369.244,65.5017,24.1861,43.451227,-79.148732,8.46,13.58,2.80,84327.02054
2025-01-09T17:23:15.909061Z,69.502,44.9021,369.494,61.4497,22.7053,43.449506,-79.149035,8.46,13.57,2.80,84327.21360
2025-01-09T17:23:25.909061Z,74.900,44.8041,369.915,56.7418,20.9896,43.447657,-79.149405,8.46,13.55,2.80,84327.42166
2025-01-09T17:23:35.909061Z,73.444,44.7214,369.113,47.9779,17.7093,43.445846,-79.149797,8.46,13.54,2.80,84327.62567
2025-01-09T17:23:45.909061Z,80.064,44.6425,368.975,45.8247,16.9082,43.443871,-79.150208,8.46,13.52,2.80,84327.84807
2025-01-09T17:23:55.909061Z,77.566,44.7550,368.817,-65.3395,-24.0983,43.441958,-79.150611,8.46,13.51,2.80,84328.06353
2025-01-09T17:24:05.909061Z,79.776,44.8712,369.911,-67.2945,-24.8930,43.439990,-79.151024,8.46,13.50,2.80,84328.28513
2025-01-09T17:24:15.909061Z,82.558,44.9895,368.936,-68.7040,-25.3474,43.437959,-79.151505,8.46,13.48,2.80,84328.51446
2025-01-09T17:24:25.909061Z,81.368,45.1042,369.534,-66.4437,-24.5532,43.435959,-79.151982,8.46,13.47,2.80,84328.74048
2025-01-09T17:24:35.909061Z,81.956,45.2208,369.909,-67.5530,-24.9885,43.433942,-79.152451,8.46,13.46,2.80,84328.96814
2025-01-09T17:24:45.909061Z,77.045,45.3325,369.272,-64.7784,-23.9208,43.432047,-79.152897,8.46,13.44,2.80,84329.18215
2025-01-09T17:24:55.909061Z,75.566,45.2603,370.566,41.7346,15.4654,43.430192,-79.153364,8.46,13.43,2.80,84329.39206
2025-01-09T17:25:05.909061Z,74.264,45.1758,370.138,48.9310,18.1112,43.428372,-79.153844,8.46,13.41,2.80,84329.59834
2025-01-09T17:25:15.909061Z,72.061,45.0800,369.455,55.5390,20.5191,43.426605,-79.154297,8.46,13.40,2.80,84329.79851
2025-01-09T17:25:25.909061Z,72.348,44.9739,369.458,61.4749,22.7124,43.424830,-79.154755,8.46,13.39,2.80,84329.99948
2025-01-09T17:25:35.909061Z,67.516,44.8582,369.103,67.1579,24.7881,43.423170,-79.155147,8.46,13.37,2.80,84330.18703
2025-01-09T17:25:45.909061Z,61.451,44.7477,370.151,63.9240,23.6615,43.421656,-79.155487,8.46,13.36,2.80,84330.35772
2025-01-09T17:25:55.909061Z,59.958,44.6302,368.978,68.2583,25.1858,43.420176,-79.155784,8.46,13.35,2.80,84330.52427
2025-01-09T17:26:05.909061Z,61.032,44.5079,369.592,70.8528,26.1866,43.418669,-79.156089,8.46,13.34,2.80,84330.69381
2025-01-09T17:26:15.909061Z,61.622,44.3896,369.969,68.5000,25.3429,43.417151,-79.156424,8.46,13.32,2.80,84330.86498
2025-01-09T17:26:25.909061Z,59.011,44.2825,370.010,62.0019,22.9414,43.415694,-79.156718,8.46,13.31,2.80,84331.02890
2025-01-09T17:26:35.909061Z,55.963,44.1911,369.895,52.9211,19.5752,43.414309,-79.156962,8.46,13.30,2.80,84331.18435
2025-01-09T17:26:45.909061Z,55.590,44.1154,368.459,43.9884,16.2079,43.412934,-79.157221,8.46,13.28,2.80,84331.33877
2025-01-09T17:26:55.909061Z,57.764,44.0517,368.781,37.0130,13.6497,43.411503,-79.157455,8.46,13.27,2.80,84331.49922
2025-01-09T17:27:05.909061Z,57.735,44.0020,370.063,28.7794,10.6502,43.410071,-79.157671,8.46,13.25,2.80,84331.65960
2025-01-09T17:27:15.909061Z,63.466,44.1008,369.637,-57.2615,-21.1660,43.408500,-79.157946,8.46,13.24,2.80,84331.83589
2025-01-09T17:27:25.909061Z,61.729,44.1949,369.848,-54.4864,-20.1517,43.406968,-79.158172,8.46,13.22,2.80,84332.00736
2025-01-09T17:27:35.909061Z,66.390,44.2976,368.679,-59.6531,-21.9928,43.405320,-79.158402,8.46,13.21,2.80,84332.19178
2025-01-09T17:27:45.909061Z,70.097,44.4009,369.645,-59.8724,-22.1315,43.403579,-79.158637,8.46,13.20,2.80,84332.38649
2025-01-09T17:27:55.909061Z,69.259,44.5025,368.985,-58.9813,-21.7632,43.401856,-79.158822,8.46,13.18,2.80,84332.57888
2025-01-09T17:28:05.909061Z,74.130,44.6112,370.047,-62.9490,-23.2941,43.400009,-79.158964,8.46,13.17,2.80,84332.78479
2025-01-09T17:28:15.909061Z,77.016,44.7207,370.097,-63.3576,-23.4484,43.398093,-79.159165,8.46,13.16,2.80,84332.99873
2025-01-09T17:28:25.909061Z,78.472,44.6364,370.534,48.7190,18.0520,43.396142,-79.159395,8.46,13.15,2.80,84333.21671
2025-01-09T17:28:35.909061Z,74.640,44.5401,368.962,55.9008,20.6252,43.394290,-79.159664,8.46,13.13,2.80,84333.42404
2025-01-09T17:28:45.909061Z,75.090,44.4318,369.240,62.8707,23.2144,43.392431,-79.159985,8.46,13.12,2.80,84333.63262
2025-01-09T17:28:55.909061Z,74.877,44.3136,368.847,68.5909,25.2996,43.390572,-79.160250,8.46,13.11,2.80,84333.84061
2025-01-09T17:29:05.909061Z,74.351,44.1866,370.338,73.4523,27.2022,43.388727,-79.160516,8.46,13.10,2.80,84334.04714
2025-01-09T17:29:15.909061Z,74.198,44.0508,370.089,78.6056,29.0910,43.386889,-79.160815,8.46,13.09,2.80,84334.25325
2025-01-09T17:29:25.909061Z,72.795,43.9154,368.751,78.6848,29.0151,43.385085,-79.161116,8.46,13.08,2.80,84334.45546
2025-01-09T17:29:35.909061Z,68.785,43.7894,369.723,73.0007,26.9900,43.383381,-79.161393,8.46,13.07,2.80,84334.64653
2025-01-09T17:29:45.909061Z,66.000,43.6720,369.029,68.1509,25.1497,43.381747,-79.161678,8.46,13.06,2.80,84334.82986
2025-01-09T17:29:55.909061Z,59.066,43.5713,368.206,58.5345,21.5528,43.380285,-79.161935,8.46,13.04,2.80,84334.99393
2025-01-09T17:30:05.909061Z,57.703,43.4885,368.101,48.1828,17.7361,43.378857,-79.162188,8.46,13.03,2.80,84335.15422
2025-01-09T17:30:15.909061Z,54.722,43.4232,368.333,37.9906,13.9932,43.377504,-79.162446,8.46,13.02,2.80,84335.30623
2025-01-09T17:30:25.909061Z,52.793,43.3710,368.296,30.3538,11.1792,43.376199,-79.162691,8.46,13.00,2.80,84335.45287
2025-01-09T17:30:35.909061Z,48.932,43.4562,369.595,-49.3574,-18.2422,43.374987,-79.162897,8.46,12.99,2.80,84335.58880
2025-01-09T17:30:45.909061Z,44.737,43.5325,368.632,-44.3658,-16.3547,43.373881,-79.163106,8.46,12.97,2.80,84335.71307
2025-01-09T17:30:55.909061Z,44.916,43.6083,369.566,-43.9108,-16.2280,43.372775,-79.163350,8.46,12.96,2.80,84335.83783
2025-01-09T17:31:05.909061Z,43.318,43.6877,368.278,-46.1814,-17.0076,43.371704,-79.163551,8.46,12.95,2.80,84335.95816
2025-01-09T17:31:15.909061Z,44.585,43.7647,369.044,-44.6919,-16.4933,43.370605,-79.163790,8.46,12.93,2.80,84336.08201
2025-01-09T17:31:25.909061Z,44.929,43.8398,369.184,-43.5752,-16.0873,43.369500,-79.164049,8.46,12.92,2.80,84336.20681
2025-01-09T17:31:35.909061Z,43.762,43.9171,369.054,-44.8408,-16.5487,43.368419,-79.164266,8.46,12.91,2.80,84336.32837
2025-01-09T17:31:45.909061Z,44.363,43.8759,369.912,23.8134,8.8089,43.367322,-79.164471,8.46,12.89,2.80,84336.45160
2025-01-09T17:31:55.909061Z,43.420,43.8271,369.334,28.3468,10.4694,43.366252,-79.164701,8.46,12.88,2.80,84336.57222
2025-01-09T17:32:05.909061Z,46.950,43.7600,368.468,38.9587,14.3550,43.365090,-79.164914,8.46,12.86,2.80,84336.70263
2025-01-09T17:32:15.909061Z,48.079,43.6734,368.558,50.3737,18.5656,43.363902,-79.165142,8.46,12.85,2.80,84336.83618
2025-01-09T17:32:25.909061Z,50.863,43.5751,369.501,56.9621,21.0475,43.362643,-79.165357,8.46,12.84,2.80,84336.97747
2025-01-09T17:32:35.909061Z,51.673,43.4709,368.840,60.4876,22.3102,43.361366,-79.165603,8.46,12.83,2.80,84337.12101
2025-01-09T17:32:45.909061Z,55.380,43.3573,369.737,65.8449,24.3453,43.359998,-79.165872,8.46,12.82,2.80,84337.27484
2025-01-09T17:32:55.909061Z,55.372,43.2457,368.724,64.8152,23.8989,43.358627,-79.166114,8.46,12.81,2.80,84337.42865
2025-01-09T17:33:05.909061Z,54.970,43.1408,369.288,60.8285,22.4632,43.357264,-79.166319,8.46,12.80,2.80,84337.58135
2025-01-09T17:33:15.909061Z,54.855,43.0441,368.416,56.2251,20.7143,43.355904,-79.166534,8.46,12.78,2.80,84337.73372
2025-01-09T17:33:25.909061Z,53.146,42.9604,369.594,48.5477,17.9429,43.354586,-79.166738,8.46,12.77,2.80,84337.88135
2025-01-09T17:33:35.909061Z,53.515,42.8958,368.530,37.5305,13.8311,43.353263,-79.166984,8.46,12.76,2.80,84338.03000
2025-01-09T17:33:45.909061Z,33.985,42.8598,368.236,20.9587,7.7177,43.352421,-79.167127,8.46,12.74,2.80,84338.12440
2025-01-09T17:33:55.909061Z,16.625,42.8478,369.557,6.9161,2.5559,43.352010,-79.167204,8.46,12.73,2.80,84338.17058
2025-01-09T17:34:05.909061Z,0.000,42.8503,367.733,-1.4398,-0.5295,43.352010,-79.167204,8.46,12.71,2.80,84338.17058
2025-01-10T03:18:31.346875Z,0.000,42.8778,368.730,-15.9662,-5.8872,43.352010,-79.167204,14.98,18.84,0.25,84338.17058
2025-01-10T03:18:41.346875Z,12.502,42.9011,369.065,-13.4964,-4.9811,43.352160,-79.167580,14.98,18.82,0.25,84338.20531
2025-01-10T03:18:51.346875Z,23.637,42.9580,368.299,-33.1375,-12.2045,43.352455,-79.168283,14.98,18.81,0.25,84338.27097
2025-01-10T03:19:01.346875Z,39.125,42.9459,368.816,7.0310,2.5931,43.352939,-79.169448,14.98,18.79,0.25,84338.37965
2025-01-10T03:19:11.346875Z,45.267,42.9194,368.671,15.3914,5.6743,43.353494,-79.170801,14.98,18.78,0.25,84338.50539
2025-01-10T03:19:21.346875Z,47.064,42.8764,367.671,25.0682,9.2168,43.354079,-79.172202,14.98,18.77,0.25,84338.63612
2025-01-10T03:19:31.346875Z,49.776,42.8112,369.170,37.8099,13.9583,43.354716,-79.173668,14.98,18.76,0.25,84338.77439
2025-01-10T03:19:41.346875Z,50.228,42.7362,368.082,43.6434,16.0643,43.355380,-79.175130,14.98,18.75,0.25,84338.91391
2025-01-10T03:19:51.346875Z,52.194,42.6512,367.784,49.5225,18.2136,43.356051,-79.176665,14.98,18.74,0.25,84339.05890
2025-01-10T03:20:01.346875Z,57.439,42.5505,368.174,58.5834,21.5689,43.356812,-79.178336,14.98,18.73,0.25,84339.21845
2025-01-10T03:20:11.346875Z,56.025,42.4511,368.762,57.7427,21.2933,43.357567,-79.179954,14.98,18.72,0.25,84339.37407
2025-01-10T03:20:21.346875Z,53.497,42.3588,367.724,53.7844,19.7778,43.358284,-79.181503,14.98,18.71,0.25,84339.52268
2025-01-10T03:20:31.346875Z,56.768,42.2664,368.421,53.6975,19.7833,43.359045,-79.183146,14.98,18.70,0.25,84339.68037
2025-01-10T03:20:41.346875Z,53.803,42.1870,367.403,46.3113,17.0149,43.359788,-79.184684,14.98,18.69,0.25,84339.82982
2025-01-10T03:20:51.346875Z,49.817,42.1317,367.223,32.2529,11.8440,43.360498,-79.186088,14.98,18.68,0.25,84339.96820
2025-01-10T03:21:01.346875Z,50.252,42.0839,368.025,27.8208,10.2388,43.361202,-79.187515,14.98,18.67,0.25,84340.10779
2025-01-10T03:21:11.346875Z,46.649,42.0563,367.314,16.0762,5.9050,43.361832,-79.188861,14.98,18.65,0.25,84340.23737
2025-01-10T03:21:21.346875Z,46.811,42.1391,367.993,-48.1624,-17.7234,43.362441,-79.190232,14.98,18.64,0.25,84340.36740
2025-01-10T03:21:31.346875Z,41.256,42.2144,368.181,-43.8150,-16.1318,43.362960,-79.191455,14.98,18.63,0.25,84340.48200
2025-01-10T03:21:41.346875Z,40.306,42.2874,367.715,-42.5629,-15.6510,43.363482,-79.192638,14.98,18.62,0.25,84340.59396
2025-01-10T03:21:51.346875Z,43.565,42.3665,368.336,-45.9524,-16.9259,43.364059,-79.193905,14.98,18.61,0.25,84340.71498
2025-01-10T03:22:01.346875Z,41.828,42.4430,367.329,-44.6536,-16.4026,43.364608,-79.195126,14.98,18.60,0.25,84340.83117
2025-01-10T03:22:11.346875Z,36.994,42.5174,367.537,-43.3626,-15.9374,43.365112,-79.196190,14.98,18.59,0.25,84340.93393
2025-01-10T03:22:21.346875Z,41.253,42.5948,368.414,-44.9953,-16.5769,43.365653,-79.197395,14.98,18.58,0.25,84341.04852
2025-01-10T03:22:31.346875Z,41.250,42.5712,368.652,13.7048,5.0523,43.366196,-79.198597,14.98,18.57,0.25,84341.16310
2025-01-10T03:22:41.346875Z,40.276,42.5354,369.318,20.8153,7.6875,43.366724,-79.199774,14.98,18.56,0.25,84341.27498
2025-01-10T03:22:51.346875Z,45.984,42.4808,368.649,31.6900,11.6825,43.367348,-79.201098,14.98,18.55,0.25,84341.40271
2025-01-10T03:23:01.346875Z,48.708,42.4112,368.819,40.4027,14.9013,43.367989,-79.202519,14.98,18.54,0.25,84341.53801
2025-01-10T03:23:11.346875Z,49.848,42.3321,369.016,45.9577,16.9591,43.368649,-79.203969,14.98,18.53,0.25,84341.67648
2025-01-10T03:23:21.346875Z,53.792,42.2398,368.796,53.5706,19.7566,43.369382,-79.205516,14.98,18.52,0.25,84341.82590
2025-01-10T03:23:31.346875Z,58.784,42.1369,367.717,59.9767,22.0545,43.370189,-79.207200,14.98,18.51,0.25,84341.98919
2025-01-10T03:23:41.346875Z,60.794,42.0317,367.772,61.2791,22.5367,43.371043,-79.208926,14.98,18.50,0.25,84342.15807
2025-01-10T03:23:51.346875Z,65.139,41.9301,368.746,59.0128,21.7607,43.371935,-79.210795,14.98,18.49,0.25,84342.33901
2025-01-10T03:24:01.346875Z,68.037,41.8318,368.189,57.1953,21.0587,43.372870,-79.212745,14.98,18.49,0.25,84342.52800
2025-01-10T03:24:11.346875Z,65.830,41.7481,367.823,48.7084,17.9161,43.373739,-79.214662,14.98,18.48,0.25,84342.71086
2025-01-10T03:24:21.346875Z,68.729,41.6745,368.809,42.7546,15.7683,43.374620,-79.216686,14.98,18.47,0.25,84342.90177
2025-01-10T03:24:31.346875Z,72.305,41.6126,368.340,36.0125,13.2649,43.375559,-79.218806,14.98,18.46,0.25,84343.10262
2025-01-10T03:24:41.346875Z,72.873,41.5665,367.993,26.8265,9.8720,43.376490,-79.220955,14.98,18.45,0.25,84343.30505
2025-01-10T03:24:51.346875Z,73.019,41.6779,368.213,-64.7969,-23.8591,43.377412,-79.223117,14.98,18.44,0.25,84343.50788
2025-01-10T03:25:01.346875Z,71.604,41.7807,368.789,-59.7066,-22.0191,43.378327,-79.225229,14.98,18.43,0.25,84343.70677
2025-01-10T03:25:11.346875Z,68.157,41.8862,367.866,-61.4217,-22.5949,43.379165,-79.227265,14.98,18.42,0.25,84343.89610
2025-01-10T03:25:21.346875Z,68.823,41.9922,368.372,-61.6802,-22.7213,43.380006,-79.229325,14.98,18.42,0.25,84344.08727
2025-01-10T03:25:31.346875Z,66.103,42.0946,367.128,-59.7326,-21.9295,43.380808,-79.231308,14.98,18.41,0.25,84344.27089
2025-01-10T03:25:41.346875Z,65.934,42.1983,367.746,-60.4124,-22.2164,43.381638,-79.233262,14.98,18.40,0.25,84344.45404
2025-01-10T03:25:51.346875Z,58.524,42.1628,369.177,20.6131,7.6099,43.382353,-79.235015,14.98,18.39,0.25,84344.61661
2025-01-10T03:26:01.346875Z,57.421,42.1134,368.825,28.7183,10.5920,43.383063,-79.236727,14.98,18.38,0.25,84344.77611
2025-01-10T03:26:11.346875Z,54.769,42.0540,368.025,34.5157,12.7026,43.383720,-79.238376,14.98,18.37,0.25,84344.92825
2025-01-10T03:26:21.346875Z,55.785,41.9771,368.816,44.6696,16.4749,43.384408,-79.240041,14.98,18.36,0.25,84345.08320
2025-01-10T03:26:31.346875Z,54.391,41.8953,368.748,47.5331,17.5277,43.385095,-79.241652,14.98,18.35,0.25,84345.23429
2025-01-10T03:26:41.346875Z,53.408,41.8008,367.514,55.0724,20.2399,43.385748,-79.243250,14.98,18.34,0.25,84345.38265
2025-01-10T03:26:51.346875Z,54.098,41.7013,367.091,58.0814,21.3212,43.386412,-79.244867,14.98,18.34,0.25,84345.53292
2025-01-10T03:27:01.346875Z,51.715,41.6070,368.903,54.7668,20.2037,43.387030,-79.246426,14.98,18.33,0.25,84345.67657
2025-01-10T03:27:11.346875Z,56.641,41.5126,368.096,54.9194,20.2156,43.387676,-79.248156,14.98,18.32,0.25,84345.83391
2025-01-10T03:27:21.346875Z,57.460,41.4239,367.218,51.7381,18.9992,43.388304,-79.249930,14.98,18.31,0.25,84345.99352
2025-01-10T03:27:31.346875Z,57.462,41.3518,368.171,41.9397,15.4410,43.388939,-79.251698,14.98,18.30,0.25,84346.15313
2025-01-10T03:27:41.346875Z,58.211,41.2932,367.015,34.1906,12.5485,43.389566,-79.253501,14.98,18.29,0.25,84346.31483
2025-01-10T03:27:51.346875Z,61.648,41.2409,367.607,30.4879,11.2076,43.390222,-79.255416,14.98,18.28,0.25,84346.48607
2025-01-10T03:28:01.346875Z,66.060,41.1969,367.192,25.6859,9.4317,43.390919,-79.257472,14.98,18.27,0.25,84346.66957
2025-01-10T03:28:11.346875Z,70.146,41.3024,366.988,-61.6239,-22.6152,43.391683,-79.259639,14.98,18.27,0.25,84346.86442
2025-01-10T03:28:21.346875Z,69.800,41.4090,366.934,-62.2283,-22.8337,43.392433,-79.261802,14.98,18.26,0.25,84347.05831
2025-01-10T03:28:31.346875Z,72.661,41.5167,367.653,-62.7272,-23.0619,43.393198,-79.264065,14.98,18.25,0.25,84347.26015
2025-01-10T03:28:41.346875Z,76.468,41.6308,367.303,-66.5500,-24.4440,43.393983,-79.266458,14.98,18.25,0.25,84347.47256
2025-01-10T03:28:51.346875Z,81.726,41.7489,368.130,-68.7320,-25.3023,43.394849,-79.268999,14.98,18.24,0.25,84347.69958
2025-01-10T03:29:01.346875Z,83.018,41.8690,367.107,-70.0473,-25.7148,43.395729,-79.271580,14.98,18.23,0.25,84347.93018
2025-01-10T03:29:11.346875Z,78.888,41.8100,368.640,34.2908,12.6410,43.396546,-79.274045,14.98,18.23,0.25,84348.14932
2025-01-10T03:29:21.346875Z,78.558,41.7391,368.298,41.2272,15.1839,43.397392,-79.276479,14.98,18.22,0.25,84348.36753
2025-01-10T03:29:31.346875Z,80.443,41.6494,367.727,52.2629,19.2185,43.398253,-79.278974,14.98,18.21,0.25,84348.59099
2025-01-10T03:29:41.346875Z,78.257,41.5450,368.096,60.7301,22.3545,43.399080,-79.281409,14.98,18.20,0.25,84348.80837
2025-01-10T03:29:51.346875Z,78.959,41.4318,368.149,65.8597,24.2462,43.399918,-79.283863,14.98,18.20,0.25,84349.02770
2025-01-10T03:30:01.346875Z,73.829,41.3135,367.595,68.9165,25.3333,43.400672,-79.286176,14.98,18.19,0.25,84349.23278
2025-01-10T03:30:11.346875Z,70.581,41.1962,367.589,68.3519,25.1254,43.401417,-79.288372,14.98,18.18,0.25,84349.42884
2025-01-10T03:30:21.346875Z,69.843,41.0763,367.855,69.8176,25.6827,43.402132,-79.290561,14.98,18.18,0.25,84349.62285
2025-01-10T03:30:31.346875Z,68.968,40.9643,368.015,65.2229,24.0030,43.402798,-79.292744,14.98,18.17,0.25,84349.81442
2025-01-10T03:30:41.346875Z,65.173,40.8674,366.688,56.6130,20.7593,43.403438,-79.294802,14.98,18.17,0.25,84349.99546
2025-01-10T03:30:51.346875Z,62.441,40.7859,366.700,47.5630,17.4413,43.404020,-79.296791,14.98,18.16,0.25,84350.16891
2025-01-10T03:31:01.346875Z,62.699,40.7165,367.217,40.5311,14.8837,43.404629,-79.298775,14.98,18.15,0.25,84350.34307
2025-01-10T03:31:11.346875Z,56.144,40.6709,367.747,26.5428,9.7611,43.405186,-79.300544,14.98,18.14,0.25,84350.49903
2025-01-10T03:31:21.346875Z,57.802,40.6350,367.617,20.8982,7.6825,43.405743,-79.302376,14.98,18.13,0.25,84350.65959
2025-01-10T03:31:31.346875Z,58.669,40.7243,366.511,-52.1885,-19.1277,43.406277,-79.304252,14.98,18.12,0.25,84350.82256
2025-01-10T03:31:41.346875Z,61.265,40.8222,367.589,-57.0282,-20.9629,43.406829,-79.306214,14.98,18.12,0.25,84350.99274
2025-01-10T03:31:51.346875Z,62.103,40.9189,367.404,-56.3560,-20.7054,43.407389,-79.308204,14.98,18.11,0.25,84351.16525
2025-01-10T03:32:01.346875Z,62.291,41.0148,367.131,-55.9933,-20.5569,43.407969,-79.310189,14.98,18.10,0.25,84351.33828
2025-01-10T03:32:11.346875Z,66.458,41.1142,368.077,-57.8048,-21.2766,43.408610,-79.312294,14.98,18.10,0.25,84351.52288
2025-01-10T03:32:21.346875Z,66.421,41.2156,367.019,-59.1901,-21.7239,43.409247,-79.314400,14.98,18.09,0.25,84351.70739
2025-01-10T03:32:31.346875Z,66.484,41.1736,367.890,24.4103,8.9803,43.409882,-79.316510,14.98,18.08,0.25,84351.89206
2025-01-10T03:32:41.346875Z,73.646,41.1098,367.849,37.1692,13.6726,43.410625,-79.318824,14.98,18.07,0.25,84352.09664
2025-01-10T03:32:51.346875Z,75.118,41.0275,368.455,47.8356,17.6252,43.411380,-79.321185,14.98,18.06,0.25,84352.30530
2025-01-10T03:33:01.346875Z,77.630,40.9318,368.083,55.7154,20.5079,43.412144,-79.323636,14.98,18.06,0.25,84352.52093
2025-01-10T03:33:11.346875Z,78.382,40.8238,367.398,62.9505,23.1279,43.412886,-79.326127,14.98,18.05,0.25,84352.73866
2025-01-10T03:33:21.346875Z,77.905,40.7020,368.334,70.8187,26.0849,43.413587,-79.328623,14.98,18.05,0.25,84352.95506
2025-01-10T03:33:31.346875Z,79.443,40.5752,367.584,73.8823,27.1579,43.414303,-79.331168,14.98,18.04,0.25,84353.17574
2025-01-10T03:33:41.346875Z,81.991,40.4389,367.337,79.5320,29.2151,43.415066,-79.333781,14.98,18.04,0.25,84353.40349
2025-01-10T03:33:51.346875Z,80.097,40.3117,366.775,74.2891,27.2474,43.415843,-79.336316,14.98,18.03,0.25,84353.62598
2025-01-10T03:34:01.346875Z,81.214,40.1856,367.793,73.4250,27.0052,43.416645,-79.338878,14.98,18.03,0.25,84353.85158
2025-01-10T03:34:11.346875Z,79.062,40.0766,368.076,63.4202,23.3434,43.417403,-79.341386,14.98,18.02,0.25,84354.07120
2025-01-10T03:34:21.346875Z,76.751,39.9845,366.154,53.8572,19.7200,43.418114,-79.343834,14.98,18.01,0.25,84354.28439
2025-01-10T03:34:31.346875Z,70.707,39.9173,366.123,39.3391,14.4030,43.418781,-79.346083,14.98,18.01,0.25,84354.48080
2025-01-10T03:34:41.346875Z,69.225,39.8610,367.460,32.8071,12.0553,43.419442,-79.348280,14.98,18.00,0.25,84354.67309
2025-01-10T03:34:51.346875Z,67.163,39.9593,366.223,-57.4912,-21.0546,43.420065,-79.350422,14.98,17.99,0.25,84354.85966
2025-01-10T03:35:01.346875Z,67.314,40.0605,367.558,-58.9762,-21.6772,43.420681,-79.352574,14.98,17.99,0.25,84355.04664
2025-01-10T03:35:11.346875Z,60.454,40.1561,366.988,-55.7652,-20.4652,43.421207,-79.354520,14.98,17.98,0.25,84355.21457
2025-01-10T03:35:21.346875Z,57.085,40.2492,367.510,-54.2828,-19.9495,43.421681,-79.356370,14.98,17.97,0.25,84355.37314
2025-01-10T03:35:31.346875Z,59.170,40.3458,366.892,-56.3824,-20.6863,43.422148,-79.358298,14.98,17.97,0.25,84355.53750
2025-01-10T03:35:41.346875Z,55.166,40.4365,367.492,-52.8940,-19.4381,43.422596,-79.360090,14.98,17.96,0.25,84355.69074
2025-01-10T03:35:51.346875Z,55.708,40.5270,367.058,-52.7861,-19.3756,43.423051,-79.361899,14.98,17.95,0.25,84355.84548
2025-01-10T03:36:01.346875Z,53.373,40.4950,366.830,18.6581,6.8444,43.423474,-79.363637,14.98,17.94,0.25,84355.99374
2025-01-10T03:36:11.346875Z,54.925,40.4484,367.219,27.1627,9.9746,43.423917,-79.365423,14.98,17.93,0.25,84356.14631
2025-01-10T03:36:21.346875Z,52.625,40.3896,366.626,34.3534,12.5948,43.424342,-79.367134,14.98,17.93,0.25,84356.29249
2025-01-10T03:36:31.346875Z,53.624,40.3127,367.135,44.9038,16.4857,43.424781,-79.368874,14.98,17.92,0.25,84356.44145
2025-01-10T03:36:41.346875Z,59.136,40.2242,367.784,51.5254,18.9502,43.425233,-79.370809,14.98,17.91,0.25,84356.60571
2025-01-10T03:36:51.346875Z,58.684,40.1284,366.886,55.9107,20.5129,43.425684,-79.372727,14.98,17.91,0.25,84356.76873
2025-01-10T03:37:01.346875Z,62.082,40.0243,367.745,60.6555,22.3058,43.426196,-79.374740,14.98,17.90,0.25,84356.94118
2025-01-10T03:37:11.346875Z,63.371,39.9199,366.227,61.0752,22.3674,43.426691,-79.376808,14.98,17.90,0.25,84357.11721
2025-01-10T03:37:21.346875Z,66.769,39.8127,366.340,62.6866,22.9646,43.427186,-79.378998,14.98,17.89,0.25,84357.30268
2025-01-10T03:37:31.346875Z,69.462,39.7152,367.669,56.8169,20.8898,43.427668,-79.381291,14.98,17.89,0.25,84357.49563
2025-01-10T03:37:41.346875Z,72.326,39.6245,367.789,52.8189,19.4262,43.428181,-79.383673,14.98,17.88,0.25,84357.69653
2025-01-10T03:37:51.346875Z,72.128,39.5499,366.034,43.6085,15.9622,43.428706,-79.386044,14.98,17.87,0.25,84357.89689
2025-01-10T03:38:01.346875Z,71.255,39.4866,367.597,36.9317,13.5760,43.429210,-79.388392,14.98,17.86,0.25,84358.09482
2025-01-10T03:38:11.346875Z,70.169,39.4416,367.132,26.2087,9.6221,43.429726,-79.390696,14.98,17.86,0.25,84358.28973
2025-01-10T03:38:21.346875Z,74.633,39.5497,367.310,-63.0264,-23.1502,43.430289,-79.393140,14.98,17.85,0.25,84358.49705
2025-01-10T03:38:31.346875Z,71.502,39.6537,367.645,-60.6021,-22.2801,43.430853,-79.395471,14.98,17.84,0.25,84358.69566
2025-01-10T03:38:41.346875Z,70.563,39.7613,367.081,-62.7676,-23.0408,43.431372,-79.397788,14.98,17.84,0.25,84358.89167
2025-01-10T03:38:51.346875Z,67.681,39.8623,366.351,-59.0541,-21.6345,43.431871,-79.400010,14.98,17.83,0.25,84359.07968
2025-01-10T03:39:01.346875Z,61.881,39.9604,366.859,-57.2814,-21.0142,43.432341,-79.402035,14.98,17.83,0.25,84359.25157
2025-01-10T03:39:11.346875Z,63.923,40.0601,366.959,-58.1850,-21.3515,43.432789,-79.404143,14.98,17.82,0.25,84359.42913
2025-01-10T03:39:21.346875Z,59.569,40.0214,367.205,22.5586,8.2836,43.433200,-79.406111,14.98,17.81,0.25,84359.59460
2025-01-10T03:39:31.346875Z,52.948,39.9799,366.488,24.2620,8.8917,43.433547,-79.407866,14.98,17.81,0.25,84359.74168
2025-01-10T03:39:41.346875Z,53.096,39.9209,367.078,34.4534,12.6471,43.433888,-79.409629,14.98,17.80,0.25,84359.88917
2025-01-10T03:39:51.346875Z,49.769,39.8564,367.875,37.5114,13.7995,43.434202,-79.411284,14.98,17.79,0.25,84360.02741
2025-01-10T03:40:01.346875Z,44.012,39.7860,367.751,41.0241,15.0867,43.434494,-79.412742,14.98,17.78,0.25,84360.14967
2025-01-10T03:40:11.346875Z,44.681,39.7000,367.289,50.1581,18.4225,43.434790,-79.414222,14.98,17.78,0.25,84360.27379
2025-01-10T03:40:21.346875Z,44.291,39.6133,367.094,50.5999,18.5749,43.435097,-79.415684,14.98,17.77,0.25,84360.39682
2025-01-10T03:40:31.346875Z,44.032,39.5237,366.470,52.3791,19.1954,43.435406,-79.417136,14.98,17.77,0.25,84360.51913
2025-01-10T03:40:41.346875Z,40.677,39.4438,366.579,46.6434,17.0985,43.435695,-79.418476,14.98,17.76,0.25,84360.63212
2025-01-10T03:40:51.346875Z,44.615,39.3688,367.493,43.7153,16.0651,43.436015,-79.419945,14.98,17.75,0.25,84360.75605
2025-01-10T03:41:01.346875Z,40.182,39.3093,367.215,34.7379,12.7563,43.436318,-79.421261,14.98,17.74,0.25,84360.86766
2025-01-10T03:41:11.346875Z,44.079,39.2614,366.169,28.0016,10.2533,43.436648,-79.422706,14.98,17.74,0.25,84360.99010
2025-01-10T03:41:21.346875Z,42.788,39.2257,365.709,20.8970,7.6422,43.436969,-79.424108,14.98,17.73,0.25,84361.10896
2025-01-10T03:41:31.346875Z,50.066,39.2021,366.791,13.8097,5.0653,43.437331,-79.425755,14.98,17.72,0.25,84361.24803
2025-01-10T03:41:41.346875Z,52.608,39.2882,365.773,-50.4480,-18.4525,43.437709,-79.427486,14.98,17.71,0.25,84361.39417
2025-01-10T03:41:51.346875Z,51.203,39.3719,367.323,-48.7622,-17.9115,43.438080,-79.429170,14.98,17.71,0.25,84361.53640
2025-01-10T03:42:01.346875Z,54.668,39.4637,366.276,-53.7115,-19.6732,43.438485,-79.430964,14.98,17.70,0.25,84361.68825
2025-01-10T03:42:11.346875Z,56.010,39.5543,366.735,-52.9434,-19.4162,43.438929,-79.432789,14.98,17.70,0.25,84361.84384
2025-01-10T03:42:21.346875Z,59.102,39.6477,365.920,-54.6475,-19.9966,43.439422,-79.434703,14.98,17.69,0.25,84362.00801
2025-01-10T03:42:31.346875Z,59.187,39.7412,366.768,-54.6181,-20.0322,43.439941,-79.436608,14.98,17.69,0.25,84362.17242
2025-01-10T03:42:41.346875Z,55.824,39.7122,366.772,16.9344,6.2111,43.440421,-79.438408,14.98,17.68,0.25,84362.32749
2025-01-10T03:42:51.346875Z,55.775,39.6685,366.008,25.5643,9.3567,43.440924,-79.440196,14.98,17.67,0.25,84362.48242
2025-01-10T03:43:01.346875Z,56.345,39.6142,366.426,31.7840,11.6465,43.441420,-79.442008,14.98,17.66,0.25,84362.63893
2025-01-10T03:43:11.346875Z,53.512,39.5484,366.843,38.4333,14.0990,43.441891,-79.443728,14.98,17.65,0.25,84362.78758
2025-01-10T03:43:21.346875Z,54.123,39.4695,365.832,46.1550,16.8850,43.442382,-79.445462,14.98,17.65,0.25,84362.93792
2025-01-10T03:43:31.346875Z,51.720,39.3837,366.799,50.1454,18.3933,43.442866,-79.447109,14.98,17.64,0.25,84363.08158
2025-01-10T03:43:41.346875Z,46.376,39.2927,367.583,53.0263,19.4916,43.443304,-79.448584,14.98,17.64,0.25,84363.21041
2025-01-10T03:43:51.346875Z,46.133,39.2039,366.219,51.9169,19.0130,43.443748,-79.450047,14.98,17.63,0.25,84363.33855
2025-01-10T03:44:01.346875Z,40.050,39.1225,366.200,47.6292,17.4418,43.444116,-79.451327,14.98,17.63,0.25,84363.44980
2025-01-10T03:44:11.346875Z,38.449,39.0526,365.738,40.8960,14.9572,43.444468,-79.452556,14.98,17.62,0.25,84363.55660
2025-01-10T03:44:21.346875Z,36.804,38.9971,366.029,32.5215,11.9038,43.444811,-79.453730,14.98,17.61,0.25,84363.65884
2025-01-10T03:44:31.346875Z,20.733,38.9571,367.013,23.3187,8.5583,43.444993,-79.454397,14.98,17.60,0.25,84363.71643
2025-01-10T03:44:41.346875Z,9.389,38.9347,366.922,13.0596,4.7918,43.445072,-79.454700,14.98,17.59,0.25,84363.74251
2025-01-10T03:44:51.346875Z,0.000,38.9342,367.065,0.3398,0.1247,43.445072,-79.454700,14.98,17.58,0.25,84363.74251
2025-01-10T11:54:13.498213Z,0.000,38.9552,365.579,-12.3435,-4.5125,43.445072,-79.454700,22.01,22.55,0.25,84363.74251
2025-01-10T11:54:23.498213Z,15.722,39.0039,365.767,-28.5009,-10.4247,43.445346,-79.455088,22.01,22.55,0.25,84363.78618
2025-01-10T11:54:33.498213Z,34.594,38.9912,366.474,7.4082,2.7149,43.445949,-79.455938,22.01,22.55,0.25,84363.88228
2025-01-10T11:54:43.498213Z,50.546,38.9540,365.561,21.7984,7.9686,43.446826,-79.457187,22.01,22.55,0.25,84364.02268
2025-01-10T11:54:53.498213Z,55.864,38.8977,366.241,32.9466,12.0664,43.447784,-79.458581,22.01,22.55,0.25,84364.17786
2025-01-10T11:55:03.498213Z,54.204,38.8298,366.956,39.6197,14.5387,43.448713,-79.459936,22.01,22.56,0.25,84364.32843
2025-01-10T11:55:13.498213Z,56.269,38.7475,365.425,48.2211,17.6212,43.449672,-79.461348,22.01,22.56,0.25,84364.48473
2025-01-10T11:55:23.498213Z,51.562,38.6565,366.228,53.2277,19.4935,43.450544,-79.462651,22.01,22.56,0.25,84364.62796
2025-01-10T11:55:33.498213Z,52.266,38.5594,365.978,56.8788,20.8164,43.451405,-79.464001,22.01,22.57,0.25,84364.77314
2025-01-10T11:55:43.498213Z,54.913,38.4592,366.267,58.5488,21.4445,43.452325,-79.465400,22.01,22.57,0.25,84364.92568
2025-01-10T11:55:53.498213Z,50.927,38.3728,365.983,50.5719,18.5084,43.453191,-79.466681,22.01,22.57,0.25,84365.06714
2025-01-10T11:56:03.498213Z,52.035,38.2946,365.656,45.8060,16.7492,43.454081,-79.467984,22.01,22.57,0.25,84365.21169
2025-01-10T11:56:13.498213Z,46.899,38.2321,366.435,36.5632,13.3980,43.454896,-79.469140,22.01,22.58,0.25,84365.34196
2025-01-10T11:56:23.498213Z,45.668,38.1791,366.550,30.9661,11.3506,43.455679,-79.470280,22.01,22.58,0.25,84365.46882
2025-01-10T11:56:33.498213Z,42.566,38.1443,366.499,20.3203,7.4473,43.456399,-79.471357,22.01,22.58,0.25,84365.58706
2025-01-10T11:56:43.498213Z,39.958,38.1282,365.586,9.4234,3.4451,43.457075,-79.472366,22.01,22.58,0.25,84365.69805
2025-01-10T11:56:53.498213Z,43.965,38.2047,366.478,-44.6753,-16.3725,43.457825,-79.473469,22.01,22.58,0.25,84365.82018
2025-01-10T11:57:03.498213Z,42.302,38.2828,365.434,-45.7793,-16.7293,43.458529,-79.474553,22.01,22.58,0.25,84365.93768
2025-01-10T11:57:13.498213Z,40.664,38.3593,366.050,-44.7514,-16.3813,43.459214,-79.475583,22.01,22.58,0.25,84366.05064
2025-01-10T11:57:23.498213Z,41.744,38.4329,366.933,-43.0120,-15.7825,43.459926,-79.476632,22.01,22.58,0.25,84366.16659
2025-01-10T11:57:33.498213Z,40.083,38.5069,366.869,-43.1715,-15.8383,43.460615,-79.477631,22.01,22.59,0.25,84366.27793
2025-01-10T11:57:43.498213Z,42.061,38.5829,365.313,-44.5824,-16.2865,43.461345,-79.478669,22.01,22.59,0.25,84366.39477
2025-01-10T11:57:53.498213Z,44.725,38.5644,365.572,10.8796,3.9773,43.462137,-79.479753,22.01,22.59,0.25,84366.51901
2025-01-10T11:58:03.498213Z,49.907,38.5308,365.521,19.6841,7.1950,43.463041,-79.480933,22.01,22.59,0.25,84366.65764
2025-01-10T11:58:13.498213Z,49.794,38.4784,365.508,30.6651,11.2083,43.463923,-79.482138,22.01,22.59,0.25,84366.79595
2025-01-10T11:58:23.498213Z,58.361,38.4077,365.644,41.4499,15.1559,43.464961,-79.483546,22.01,22.59,0.25,84366.95807
2025-01-10T11:58:33.498213Z,58.340,38.3238,366.755,49.0046,17.9727,43.466006,-79.484942,22.01,22.59,0.25,84367.12012
2025-01-10T11:58:43.498213Z,63.173,38.2211,366.602,59.9934,21.9937,43.467151,-79.486435,22.01,22.60,0.25,84367.29560
2025-01-10T11:58:53.498213Z,66.855,38.1140,365.878,62.6763,22.9319,43.468385,-79.487981,22.01,22.60,0.25,84367.48131
2025-01-10T11:59:03.498213Z,68.373,37.9997,365.149,67.0418,24.4803,43.469645,-79.489567,22.01,22.61,0.25,84367.67124
2025-01-10T11:59:13.498213Z,73.009,37.8787,366.259,70.7963,25.9298,43.470959,-79.491305,22.01,22.61,0.25,84367.87404
2025-01-10T11:59:23.498213Z,73.822,37.7660,366.109,65.9131,24.1314,43.472270,-79.493089,22.01,22.61,0.25,84368.07910
2025-01-10T11:59:33.498213Z,74.053,37.6636,366.701,59.8445,21.9450,43.473567,-79.494903,22.01,22.62,0.25,84368.28480
2025-01-10T11:59:43.498213Z,75.756,37.5748,366.048,51.9449,19.0143,43.474915,-79.496729,22.01,22.62,0.25,84368.49524
2025-01-10T11:59:53.498213Z,72.881,37.5041,365.229,41.4707,15.1463,43.476217,-79.498478,22.01,22.62,0.25,84368.69768
2025-01-10T12:00:03.498213Z,74.825,37.4435,365.071,35.5828,12.9902,43.477576,-79.500242,22.01,22.62,0.25,84368.90553
2025-01-10T12:00:13.498213Z,72.939,37.5476,365.707,-60.9828,-22.3018,43.478904,-79.501958,22.01,22.63,0.25,84369.10814
2025-01-10T12:00:23.498213Z,71.228,37.6502,366.014,-60.0581,-21.9821,43.480182,-79.503661,22.01,22.63,0.25,84369.30600
2025-01-10T12:00:33.498213Z,69.822,37.7559,366.334,-61.7931,-22.6369,43.481408,-79.505366,22.01,22.64,0.25,84369.49995
2025-01-10T12:00:43.498213Z,66.911,37.8608,365.620,-61.4691,-22.4743,43.482575,-79.507012,22.01,22.64,0.25,84369.68581
2025-01-10T12:00:53.498213Z,64.203,37.9610,365.329,-58.7202,-21.4522,43.483691,-79.508597,22.01,22.64,0.25,84369.86415
2025-01-10T12:01:03.498213Z,60.701,38.0551,365.484,-55.1933,-20.1722,43.484762,-79.510072,22.01,22.65,0.25,84370.03277
2025-01-10T12:01:13.498213Z,60.993,38.1471,365.268,-53.9344,-19.7005,43.485843,-79.511548,22.01,22.65,0.25,84370.20219
2025-01-10T12:01:23.498213Z,56.324,38.1108,365.458,21.2694,7.7731,43.486841,-79.512913,22.01,22.65,0.25,84370.35865
2025-01-10T12:01:33.498213Z,56.413,38.0567,366.399,31.6137,11.5832,43.487834,-79.514288,22.01,22.65,0.25,84370.51535
2025-01-10T12:01:43.498213Z,54.713,37.9934,366.043,37.0918,13.5772,43.488817,-79.515595,22.01,22.65,0.25,84370.66733
2025-01-10T12:01:53.498213Z,57.052,37.9124,365.231,47.4780,17.3404,43.489850,-79.516945,22.01,22.65,0.25,84370.82581
2025-01-10T12:02:03.498213Z,55.322,37.8255,366.379,50.7824,18.6056,43.490854,-79.518250,22.01,22.66,0.25,84370.97948
2025-01-10T12:02:13.498213Z,59.973,37.7249,365.858,58.9258,21.5585,43.491932,-79.519681,22.01,22.66,0.25,84371.14607
2025-01-10T12:02:23.498213Z,57.910,37.6274,365.552,57.1078,20.8759,43.492952,-79.521093,22.01,22.66,0.25,84371.30693
2025-01-10T12:02:33.498213Z,58.839,37.5253,366.689,59.6301,21.8657,43.493961,-79.522562,22.01,22.67,0.25,84371.47037
2025-01-10T12:02:43.498213Z,61.360,37.4247,366.536,58.8208,21.5600,43.495027,-79.524078,22.01,22.67,0.25,84371.64082
2025-01-10T12:02:53.498213Z,68.208,37.3275,365.316,56.9976,20.8221,43.496214,-79.525759,22.01,22.67,0.25,84371.83029
2025-01-10T12:03:03.498213Z,68.492,37.2446,365.867,48.5322,17.7563,43.497424,-79.527423,22.01,22.67,0.25,84372.02054
2025-01-10T12:03:13.498213Z,72.641,37.1650,365.996,46.5691,17.0441,43.498699,-79.529199,22.01,22.68,0.25,84372.22233
2025-01-10T12:03:23.498213Z,73.489,37.1002,365.625,37.9756,13.8849,43.500020,-79.530952,22.01,22.68,0.25,84372.42646
2025-01-10T12:03:33.498213Z,79.464,37.0448,365.235,32.4799,11.8628,43.501434,-79.532869,22.01,22.68,0.25,84372.64720
2025-01-10T12:03:43.498213Z,79.719,37.1571,365.975,-65.7071,-24.0472,43.502819,-79.534838,22.01,22.68,0.25,84372.86864
2025-01-10T12:03:53.498213Z,81.314,37.2741,365.544,-68.5718,-25.0660,43.504257,-79.536810,22.01,22.69,0.25,84373.09451
2025-01-10T12:04:03.498213Z,81.362,37.3904,365.016,-68.2510,-24.9127,43.505668,-79.538824,22.01,22.69,0.25,84373.32051
2025-01-10T12:04:13.498213Z,83.254,37.5064,366.312,-67.8335,-24.8482,43.507135,-79.540852,22.01,22.70,0.25,84373.55177
2025-01-10T12:04:23.498213Z,79.517,37.6220,365.826,-67.7031,-24.7675,43.508565,-79.542749,22.01,22.70,0.25,84373.77265
2025-01-10T12:04:33.498213Z,82.872,37.7430,366.686,-70.6548,-25.9081,43.510065,-79.544711,22.01,22.70,0.25,84374.00285
2025-01-10T12:04:43.498213Z,78.790,37.6764,366.079,38.9897,14.2733,43.511480,-79.546593,22.01,22.71,0.25,84374.22172
2025-01-10T12:04:53.498213Z,76.485,37.6025,365.241,43.2867,15.8101,43.512864,-79.548405,22.01,22.71,0.25,84374.43418
2025-01-10T12:05:03.498213Z,75.202,37.5183,365.684,49.3764,18.0562,43.514247,-79.550154,22.01,22.71,0.25,84374.64307
2025-01-10T12:05:13.498213Z,71.985,37.4213,365.504,56.7935,20.7582,43.515577,-79.551818,22.01,22.71,0.25,84374.84303
2025-01-10T12:05:23.498213Z,70.726,37.3138,364.842,63.1384,23.0356,43.516857,-79.553495,22.01,22.72,0.25,84375.03949
2025-01-10T12:05:33.498213Z,64.682,37.2049,365.998,63.7620,23.3367,43.518033,-79.555020,22.01,22.72,0.25,84375.21916
2025-01-10T12:05:43.498213Z,63.529,37.0993,365.288,61.8990,22.6110,43.519163,-79.556553,22.01,22.72,0.25,84375.39563
2025-01-10T12:05:53.498213Z,61.614,36.9911,364.621,63.5479,23.1709,43.520263,-79.558034,22.01,22.73,0.25,84375.56678
2025-01-10T12:06:03.498213Z,58.761,36.8954,365.760,56.0452,20.4991,43.521319,-79.559436,22.01,22.73,0.25,84375.73001
2025-01-10T12:06:13.498213Z,59.915,36.8052,364.624,52.9924,19.3223,43.522389,-79.560877,22.01,22.73,0.25,84375.89644
2025-01-10T12:06:23.498213Z,55.853,36.7364,364.383,40.4512,14.7397,43.523402,-79.562196,22.01,22.73,0.25,84376.05158
2025-01-10T12:06:33.498213Z,55.847,36.6770,364.564,34.9208,12.7308,43.524404,-79.563532,22.01,22.73,0.25,84376.20671
2025-01-10T12:06:43.498213Z,58.036,36.6296,365.481,27.7859,10.1552,43.525424,-79.564950,22.01,22.73,0.25,84376.36792
2025-01-10T12:06:53.498213Z,60.058,36.5943,365.816,20.6247,7.5448,43.526484,-79.566412,22.01,22.73,0.25,84376.53475
2025-01-10T12:07:03.498213Z,57.678,36.6833,364.397,-52.2982,-19.0573,43.527520,-79.567789,22.01,22.74,0.25,84376.69497
2025-01-10T12:07:13.498213Z,62.315,36.7797,365.849,-56.4561,-20.6544,43.528634,-79.569285,22.01,22.74,0.25,84376.86807
2025-01-10T12:07:23.498213Z,65.346,36.8796,366.009,-58.4636,-21.3982,43.529797,-79.570862,22.01,22.74,0.25,84377.04958
2025-01-10T12:07:33.498213Z,66.349,36.9804,365.101,-59.1029,-21.5785,43.530952,-79.572498,22.01,22.74,0.25,84377.23388
2025-01-10T12:07:43.498213Z,65.539,37.0777,365.552,-57.0319,-20.8481,43.532064,-79.574151,22.01,22.75,0.25,84377.41594
2025-01-10T12:07:53.498213Z,71.985,37.1857,365.264,-63.3248,-23.1303,43.533256,-79.576005,22.01,22.75,0.25,84377.61590
2025-01-10T12:08:03.498213Z,74.701,37.1300,365.894,32.5894,11.9243,43.534513,-79.577904,22.01,22.75,0.25,84377.82340
2025-01-10T12:08:13.498213Z,74.092,37.0592,364.427,41.6110,15.1642,43.535758,-79.579789,22.01,22.75,0.25,84378.02921
2025-01-10T12:08:23.498213Z,77.549,36.9723,365.909,50.9039,18.6262,43.537031,-79.581800,22.01,22.75,0.25,84378.24463
2025-01-10T12:08:33.498213Z,73.322,36.8774,364.859,55.6781,20.3146,43.538238,-79.583696,22.01,22.76,0.25,84378.44830
2025-01-10T12:08:43.498213Z,73.773,36.7735,365.526,60.9163,22.2665,43.539447,-79.585612,22.01,22.76,0.25,84378.65322
2025-01-10T12:08:53.498213Z,73.595,36.6602,364.835,66.5118,24.2658,43.540665,-79.587508,22.01,22.76,0.25,84378.85766
2025-01-10T12:09:03.498213Z,72.102,36.5407,365.231,70.0953,25.6010,43.541873,-79.589347,22.01,22.77,0.25,84379.05794
2025-01-10T12:09:13.498213Z,70.941,36.4241,365.858,68.2653,24.9754,43.543057,-79.591163,22.01,22.77,0.25,84379.25500
2025-01-10T12:09:23.498213Z,65.826,36.3193,365.823,61.3173,22.4313,43.544163,-79.592838,22.01,22.78,0.25,84379.43785
2025-01-10T12:09:33.498213Z,66.180,36.2192,365.172,58.7408,21.4505,43.545284,-79.594511,22.01,22.78,0.25,84379.62168
2025-01-10T12:09:43.498213Z,61.390,36.1373,364.195,48.1798,17.5468,43.546346,-79.596034,22.01,22.78,0.25,84379.79221
2025-01-10T12:09:53.498213Z,58.307,36.0732,363.989,37.6890,13.7184,43.547358,-79.597475,22.01,22.78,0.25,84379.95417
2025-01-10T12:10:03.498213Z,57.504,36.0246,364.089,28.6166,10.4190,43.548360,-79.598893,22.01,22.78,0.25,84380.11391
2025-01-10T12:10:13.498213Z,50.445,35.9929,364.380,18.6186,6.7842,43.549249,-79.600122,22.01,22.78,0.25,84380.25403
2025-01-10T12:10:23.498213Z,45.538,36.0693,364.655,-44.8689,-16.3617,43.550033,-79.601257,22.01,22.78,0.25,84380.38052
2025-01-10T12:10:33.498213Z,44.621,36.1448,364.639,-44.3285,-16.1639,43.550821,-79.602343,22.01,22.78,0.25,84380.50447
2025-01-10T12:10:43.498213Z,42.804,36.2191,365.317,-43.5580,-15.9125,43.551588,-79.603368,22.01,22.78,0.25,84380.62337
2025-01-10T12:10:53.498213Z,42.120,36.2977,365.147,-46.1074,-16.8360,43.552340,-79.604382,22.01,22.79,0.25,84380.74037
2025-01-10T12:11:03.498213Z,43.113,36.3722,365.569,-43.7064,-15.9777,43.553101,-79.605431,22.01,22.79,0.25,84380.86013
2025-01-10T12:11:13.498213Z,39.528,36.4440,364.580,-42.1746,-15.3760,43.553788,-79.606408,22.01,22.79,0.25,84380.96993
2025-01-10T12:11:23.498213Z,39.304,36.4344,364.174,5.6716,2.0654,43.554468,-79.607382,22.01,22.79,0.25,84381.07910
2025-01-10T12:11:33.498213Z,43.204,36.4052,364.463,17.1322,6.2440,43.555230,-79.608434,22.01,22.78,0.25,84381.19912
2025-01-10T12:11:43.498213Z,44.014,36.3657,365.472,23.1834,8.4729,43.556022,-79.609485,22.01,22.78,0.25,84381.32138
2025-01-10T12:11:53.498213Z,46.044,36.3061,365.979,34.8939,12.7704,43.556842,-79.610596,22.01,22.78,0.25,84381.44928
2025-01-10T12:12:03.498213Z,46.374,36.2359,364.994,41.1515,15.0200,43.557679,-79.611698,22.01,22.79,0.25,84381.57809
2025-01-10T12:12:13.498213Z,47.426,36.1516,365.293,49.4834,18.0759,43.558552,-79.612800,22.01,22.79,0.25,84381.70983
2025-01-10T12:12:23.498213Z,54.795,36.0582,365.394,54.7419,20.0024,43.559571,-79.614059,22.01,22.79,0.25,84381.86204
2025-01-10T12:12:33.498213Z,51.289,35.9656,364.617,54.3821,19.8286,43.560518,-79.615247,22.01,22.79,0.25,84382.00451
2025-01-10T12:12:43.498213Z,54.656,35.8689,365.160,56.7286,20.7150,43.561518,-79.616526,22.01,22.79,0.25,84382.15633
2025-01-10T12:12:53.498213Z,53.598,35.7784,364.622,53.1614,19.3838,43.562493,-79.617790,22.01,22.80,0.25,84382.30522
2025-01-10T12:13:03.498213Z,58.130,35.6984,364.865,46.9388,17.1263,43.563557,-79.619150,22.01,22.80,0.25,84382.46669
2025-01-10T12:13:13.498213Z,53.035,35.6381,365.013,35.4058,12.9236,43.564530,-79.620389,22.01,22.80,0.25,84382.61401
2025-01-10T12:13:23.498213Z,53.088,35.5859,365.354,30.5966,11.1786,43.565504,-79.621627,22.01,22.80,0.25,84382.76148
2025-01-10T12:13:33.498213Z,52.203,35.5529,365.083,19.3914,7.0795,43.566477,-79.622823,22.01,22.80,0.25,84382.90649
2025-01-10T12:13:43.498213Z,48.866,35.6324,365.072,-46.6685,-17.0374,43.567400,-79.623922,22.01,22.80,0.25,84383.04222
2025-01-10T12:13:53.498213Z,48.210,35.7177,364.674,-50.1233,-18.2787,43.568323,-79.624988,22.01,22.80,0.25,84383.17614
2025-01-10T12:14:03.498213Z,29.366,35.7794,364.468,-36.2326,-13.2056,43.568888,-79.625632,22.01,22.80,0.25,84383.25771
2025-01-10T12:14:13.498213Z,14.151,35.8009,365.606,-12.5979,-4.6059,43.569164,-79.625936,22.01,22.80,0.25,84383.29702
2025-01-10T12:14:23.498213Z,0.000,35.8283,364.990,-16.0699,-5.8653,43.569164,-79.625936,22.01,22.80,0.25,84383.29702
2025-01-10T15:40:29.651757Z,0.000,35.8317,364.344,-2.0275,-0.7387,43.569164,-79.625936,27.54,25.56,1.40,84383.29702
2025-01-10T15:40:39.651757Z,17.574,35.8179,364.522,8.1448,2.9689,43.569459,-79.626383,27.54,25.57,1.40,84383.34584
2025-01-10T15:40:49.651757Z,34.661,35.7793,365.461,22.6052,8.2613,43.570052,-79.627253,27.54,25.58,1.40,84383.44212
2025-01-10T15:40:59.651757Z,50.233,35.7177,364.245,36.2170,13.1919,43.570892,-79.628537,27.54,25.59,1.40,84383.58166
2025-01-10T15:41:09.651757Z,51.154,35.6425,364.382,44.2049,16.1075,43.571727,-79.629869,27.54,25.61,1.40,84383.72375
2025-01-10T15:41:19.651757Z,50.541,35.5562,363.708,50.8614,18.4987,43.572552,-79.631186,27.54,25.62,1.40,84383.86414
2025-01-10T15:41:29.651757Z,43.798,35.4677,364.118,52.0144,18.9394,43.573253,-79.632343,27.54,25.63,1.40,84383.98581
2025-01-10T15:41:39.651757Z,41.475,35.3741,364.426,55.0458,20.0601,43.573915,-79.633441,27.54,25.65,1.40,84384.10102
2025-01-10T15:41:49.651757Z,42.845,35.2852,363.735,52.3583,19.0446,43.574608,-79.634564,27.54,25.66,1.40,84384.22003
2025-01-10T15:41:59.651757Z,37.888,35.2020,363.923,48.9294,17.8065,43.575218,-79.635562,27.54,25.67,1.40,84384.32528
2025-01-10T15:42:09.651757Z,40.577,35.1280,364.738,43.5049,15.8679,43.575872,-79.636629,27.54,25.68,1.40,84384.43799
2025-01-10T15:42:19.651757Z,35.370,35.0693,365.004,34.4397,12.5706,43.576442,-79.637559,27.54,25.69,1.40,84384.53624
2025-01-10T15:42:29.651757Z,35.604,35.0283,364.383,24.1124,8.7861,43.576998,-79.638515,27.54,25.70,1.40,84384.63514
2025-01-10T15:42:39.651757Z,37.063,35.0002,365.030,16.4546,6.0064,43.577578,-79.639509,27.54,25.71,1.40,84384.73809
2025-01-10T15:42:49.651757Z,37.108,34.9856,364.822,8.5827,3.1312,43.578164,-79.640500,27.54,25.72,1.40,84384.84117
2025-01-10T15:42:59.651757Z,34.933,35.0522,363.578,-39.2642,-14.2756,43.578700,-79.641448,27.54,25.73,1.40,84384.93821
2025-01-10T15:43:09.651757Z,37.131,35.1228,363.531,-41.5505,-15.1049,43.579277,-79.642450,27.54,25.74,1.40,84385.04135
2025-01-10T15:43:19.651757Z,39.726,35.1938,364.863,-41.7247,-15.2238,43.579911,-79.643501,27.54,25.76,1.40,84385.15170
2025-01-10T15:43:29.651757Z,41.745,35.2701,363.596,-44.9424,-16.3409,43.580563,-79.644623,27.54,25.77,1.40,84385.26765
2025-01-10T15:43:39.651757Z,47.225,35.3534,363.731,-49.0208,-17.8304,43.581286,-79.645907,27.54,25.78,1.40,84385.39883
2025-01-10T15:43:49.651757Z,47.001,35.4361,364.312,-48.6422,-17.7209,43.582018,-79.647172,27.54,25.79,1.40,84385.52939
2025-01-10T15:43:59.651757Z,54.104,35.3990,364.457,21.8011,7.9456,43.582851,-79.648639,27.54,25.80,1.40,84385.67968
2025-01-10T15:44:09.651757Z,52.523,35.3511,364.303,28.1741,10.2639,43.583659,-79.650064,27.54,25.81,1.40,84385.82558
2025-01-10T15:44:19.651757Z,56.396,35.2873,364.649,37.4693,13.6632,43.584551,-79.651565,27.54,25.82,1.40,84385.98223
2025-01-10T15:44:29.651757Z,61.158,35.2041,364.129,48.9179,17.8124,43.585493,-79.653224,27.54,25.83,1.40,84386.15211
2025-01-10T15:44:39.651757Z,63.421,35.1065,364.798,57.3475,20.9203,43.586477,-79.654934,27.54,25.85,1.40,84386.32828
2025-01-10T15:44:49.651757Z,64.450,34.9982,364.140,63.6877,23.1912,43.587477,-79.656673,27.54,25.86,1.40,84386.50731
2025-01-10T15:44:59.651757Z,64.772,34.8807,365.045,68.9578,25.1727,43.588452,-79.658453,27.54,25.87,1.40,84386.68723
2025-01-10T15:45:09.651757Z,69.772,34.7598,364.497,71.0542,25.8990,43.589522,-79.660350,27.54,25.89,1.40,84386.88105
2025-01-10T15:45:19.651757Z,70.848,34.6398,363.640,70.6468,25.6900,43.590616,-79.662267,27.54,25.90,1.40,84387.07784
2025-01-10T15:45:29.651757Z,67.426,34.5320,363.954,63.4852,23.1057,43.591643,-79.664106,27.54,25.91,1.40,84387.26514
2025-01-10T15:45:39.651757Z,67.415,34.4347,364.895,57.0764,20.8269,43.592690,-79.665925,27.54,25.93,1.40,84387.45240
2025-01-10T15:45:49.651757Z,63.463,34.3627,364.557,42.3390,15.4350,43.593688,-79.667622,27.54,25.94,1.40,84387.62869
2025-01-10T15:45:59.651757Z,64.662,34.3022,363.169,35.6649,12.9524,43.594722,-79.669333,27.54,25.95,1.40,84387.80830
2025-01-10T15:46:09.651757Z,63.435,34.2520,364.074,29.5265,10.7498,43.595718,-79.671031,27.54,25.96,1.40,84387.98451
2025-01-10T15:46:19.651757Z,57.239,34.3465,363.011,-55.7212,-20.2274,43.596631,-79.672548,27.54,25.97,1.40,84388.14351
2025-01-10T15:46:29.651757Z,57.399,34.4391,364.773,-54.4246,-19.8526,43.597524,-79.674094,27.54,25.98,1.40,84388.30295
2025-01-10T15:46:39.651757Z,54.258,34.5290,364.127,-52.8318,-19.2375,43.598349,-79.675577,27.54,25.99,1.40,84388.45367
2025-01-10T15:46:49.651757Z,53.964,34.6139,363.441,-50.0885,-18.2042,43.599168,-79.677053,27.54,26.00,1.40,84388.60357
2025-01-10T15:46:59.651757Z,54.277,34.7003,363.574,-50.8787,-18.4982,43.599971,-79.678559,27.54,26.01,1.40,84388.75434
2025-01-10T15:47:09.651757Z,49.706,34.7852,364.945,-49.8435,-18.1902,43.600726,-79.679918,27.54,26.03,1.40,84388.89241
2025-01-10T15:47:19.651757Z,52.156,34.7555,363.492,17.5268,6.3709,43.601520,-79.681342,27.54,26.03,1.40,84389.03729
2025-01-10T15:47:29.651757Z,50.346,34.7133,364.084,24.8321,9.0410,43.602266,-79.682737,27.54,26.04,1.40,84389.17714
2025-01-10T15:47:39.651757Z,49.703,34.6620,364.948,30.1159,10.9907,43.603003,-79.684115,27.54,26.05,1.40,84389.31520
2025-01-10T15:47:49.651757Z,57.206,34.5875,363.193,43.9050,15.9460,43.603864,-79.685687,27.54,26.06,1.40,84389.47411
2025-01-10T15:47:59.651757Z,59.297,34.4958,363.649,54.0139,19.6421,43.604734,-79.687340,27.54,26.07,1.40,84389.63882
2025-01-10T15:48:09.651757Z,57.839,34.3926,364.515,60.6459,22.1063,43.605580,-79.688955,27.54,26.08,1.40,84389.79949
2025-01-10T15:48:19.651757Z,59.139,34.2895,364.658,60.5574,22.0827,43.606443,-79.690608,27.54,26.10,1.40,84389.96376
2025-01-10T15:48:29.651757Z,64.282,34.1759,363.755,66.8907,24.3318,43.607349,-79.692436,27.54,26.11,1.40,84390.14232
2025-01-10T15:48:39.651757Z,68.240,34.0568,363.103,70.2630,25.5127,43.608298,-79.694389,27.54,26.12,1.40,84390.33188
2025-01-10T15:48:49.651757Z,70.839,33.9437,363.567,66.6314,24.2250,43.609293,-79.696407,27.54,26.13,1.40,84390.52866
2025-01-10T15:48:59.651757Z,74.268,33.8363,364.261,63.1883,23.0170,43.610350,-79.698509,27.54,26.15,1.40,84390.73496
2025-01-10T15:49:09.651757Z,75.734,33.7372,363.964,58.2927,21.2164,43.611439,-79.700643,27.54,26.16,1.40,84390.94533
2025-01-10T15:49:19.651757Z,79.701,33.6521,362.745,50.2467,18.2268,43.612588,-79.702885,27.54,26.17,1.40,84391.16672
2025-01-10T15:49:29.651757Z,76.594,33.5848,363.247,39.7040,14.4223,43.613664,-79.705066,27.54,26.18,1.40,84391.37948
2025-01-10T15:49:39.651757Z,77.087,33.6950,363.706,-64.8846,-23.5989,43.614743,-79.707265,27.54,26.19,1.40,84391.59361
2025-01-10T15:49:49.651757Z,79.477,33.8076,363.151,-66.4517,-24.1320,43.615886,-79.709504,27.54,26.20,1.40,84391.81438
2025-01-10T15:49:59.651757Z,78.790,33.9190,363.981,-65.5400,-23.8553,43.617004,-79.711738,27.54,26.21,1.40,84392.03324
2025-01-10T15:50:09.651757Z,80.186,34.0363,363.654,-69.0959,-25.1270,43.618114,-79.714037,27.54,26.23,1.40,84392.25598
2025-01-10T15:50:19.651757Z,76.478,34.1441,364.515,-63.3427,-23.0893,43.619141,-79.716259,27.54,26.24,1.40,84392.46842
2025-01-10T15:50:29.651757Z,77.431,34.2529,363.277,-64.1676,-23.3106,43.620163,-79.718524,27.54,26.25,1.40,84392.68350
2025-01-10T15:50:39.651757Z,69.856,34.3608,364.479,-63.3752,-23.0989,43.621082,-79.720571,27.54,26.26,1.40,84392.87755
2025-01-10T15:50:49.651757Z,67.852,34.3041,364.378,33.3079,12.1367,43.621968,-79.722563,27.54,26.27,1.40,84393.06603
2025-01-10T15:50:59.651757Z,67.726,34.2284,363.684,44.6107,16.2242,43.622835,-79.724567,27.54,26.28,1.40,84393.25415
2025-01-10T15:51:09.651757Z,66.841,34.1410,364.187,51.3612,18.7051,43.623682,-79.726552,27.54,26.29,1.40,84393.43982
2025-01-10T15:51:19.651757Z,59.300,34.0517,364.758,52.4578,19.1344,43.624432,-79.728314,27.54,26.30,1.40,84393.60455
2025-01-10T15:51:29.651757Z,59.413,33.9526,363.402,58.4060,21.2249,43.625201,-79.730065,27.54,26.31,1.40,84393.76958
2025-01-10T15:51:39.651757Z,58.065,33.8498,363.583,60.5625,22.0195,43.625965,-79.731766,27.54,26.32,1.40,84393.93087
2025-01-10T15:51:49.651757Z,56.940,33.7417,364.023,63.6195,23.1590,43.626713,-79.733435,27.54,26.33,1.40,84394.08904
2025-01-10T15:51:59.651757Z,56.977,33.6346,362.805,63.2169,22.9354,43.627436,-79.735126,27.54,26.35,1.40,84394.24731
2025-01-10T15:52:09.651757Z,56.214,33.5362,364.257,57.8618,21.0766,43.628147,-79.736796,27.54,26.36,1.40,84394.40346
2025-01-10T15:52:19.651757Z,61.095,33.4425,363.397,55.2371,20.0730,43.628938,-79.738598,27.54,26.37,1.40,84394.57317
2025-01-10T15:52:29.651757Z,62.886,33.3602,363.792,48.4718,17.6336,43.629741,-79.740460,27.54,26.38,1.40,84394.74785
2025-01-10T15:52:39.651757Z,63.182,33.2917,364.077,40.2994,14.6721,43.630571,-79.742312,27.54,26.38,1.40,84394.92336
2025-01-10T15:52:49.651757Z,66.440,33.2351,364.252,33.2904,12.1261,43.631466,-79.744240,27.54,26.39,1.40,84395.10791
2025-01-10T15:52:59.651757Z,66.211,33.1867,363.303,28.5196,10.3613,43.632345,-79.746172,27.54,26.40,1.40,84395.29183
2025-01-10T15:53:09.651757Z,71.236,33.2940,364.036,-63.1016,-22.9713,43.633271,-79.748269,27.54,26.41,1.40,84395.48971
2025-01-10T15:53:19.651757Z,71.864,33.3989,362.526,-62.0195,-22.4836,43.634189,-79.750398,27.54,26.42,1.40,84395.68933
2025-01-10T15:53:29.651757Z,78.001,33.5092,362.660,-65.1351,-23.6219,43.635197,-79.752698,27.54,26.43,1.40,84395.90600
2025-01-10T15:53:39.651757Z,80.129,33.6235,363.104,-67.4167,-24.4793,43.636207,-79.755082,27.54,26.44,1.40,84396.12858
2025-01-10T15:53:49.651757Z,79.328,33.7369,364.065,-66.7169,-24.2893,43.637178,-79.757465,27.54,26.46,1.40,84396.34894
2025-01-10T15:53:59.651757Z,82.685,33.8563,364.269,-70.2296,-25.5825,43.638163,-79.759971,27.54,26.47,1.40,84396.57862
2025-01-10T15:54:09.651757Z,81.262,33.7821,364.389,43.6491,15.9052,43.639155,-79.762414,27.54,26.48,1.40,84396.80435
2025-01-10T15:54:19.651757Z,79.791,33.6941,363.836,51.7662,18.8344,43.640111,-79.764828,27.54,26.49,1.40,84397.02599
2025-01-10T15:54:29.651757Z,78.114,33.5951,362.835,58.4808,21.2189,43.641040,-79.767196,27.54,26.50,1.40,84397.24297
2025-01-10T15:54:39.651757Z,76.356,33.4873,362.985,63.6098,23.0894,43.641958,-79.769503,27.54,26.51,1.40,84397.45507
2025-01-10T15:54:49.651757Z,78.002,33.3651,363.151,72.0478,26.1643,43.642918,-79.771843,27.54,26.52,1.40,84397.67174
2025-01-10T15:54:59.651757Z,73.553,33.2395,363.820,73.9752,26.9136,43.643815,-79.774055,27.54,26.53,1.40,84397.87606
2025-01-10T15:55:09.651757Z,72.067,33.1140,363.791,73.8682,26.8726,43.644715,-79.776207,27.54,26.54,1.40,84398.07624
2025-01-10T15:55:19.651757Z,69.724,32.9949,363.852,70.1525,25.5252,43.645589,-79.778286,27.54,26.55,1.40,84398.26992
2025-01-10T15:55:29.651757Z,62.845,32.8900,363.385,61.7911,22.4540,43.646386,-79.780152,27.54,26.56,1.40,84398.44449
2025-01-10T15:55:39.651757Z,65.544,32.7882,362.669,60.1168,21.8025,43.647238,-79.782081,27.54,26.57,1.40,84398.62656
2025-01-10T15:55:49.651757Z,60.286,32.7067,363.710,48.0197,17.4653,43.648041,-79.783840,27.54,26.58,1.40,84398.79402
2025-01-10T15:55:59.651757Z,56.091,32.6442,363.148,36.8557,13.3841,43.648804,-79.785461,27.54,26.59,1.40,84398.94983
2025-01-10T15:56:09.651757Z,57.035,32.5914,362.028,31.2266,11.3049,43.649581,-79.787109,27.54,26.60,1.40,84399.10826
2025-01-10T15:56:19.651757Z,51.897,32.5586,362.183,19.4089,7.0296,43.650293,-79.788604,27.54,26.60,1.40,84399.25241
2025-01-10T15:56:29.651757Z,55.188,32.6450,362.610,-51.0384,-18.5070,43.651064,-79.790180,27.54,26.61,1.40,84399.40571
2025-01-10T15:56:39.651757Z,52.046,32.7311,363.807,-50.6535,-18.4281,43.651785,-79.791674,27.54,26.62,1.40,84399.55029
2025-01-10T15:56:49.651757Z,52.099,32.8181,363.104,-51.3315,-18.6387,43.652503,-79.793172,27.54,26.63,1.40,84399.69501
2025-01-10T15:56:59.651757Z,57.332,32.9094,363.331,-53.8641,-19.5705,43.653293,-79.794821,27.54,26.64,1.40,84399.85426
2025-01-10T15:57:09.651757Z,54.609,32.9995,363.499,-53.0942,-19.2997,43.654048,-79.796388,27.54,26.65,1.40,84400.00595
2025-01-10T15:57:19.651757Z,55.196,33.0905,363.437,-53.6033,-19.4814,43.654829,-79.797956,27.54,26.66,1.40,84400.15928
2025-01-10T15:57:29.651757Z,60.844,33.0473,363.315,25.4895,9.2607,43.655698,-79.799677,27.54,26.66,1.40,84400.32829
2025-01-10T15:57:39.651757Z,64.313,32.9841,363.505,37.2357,13.5354,43.656639,-79.801473,27.54,26.67,1.40,84400.50693
2025-01-10T15:57:49.651757Z,66.521,32.9058,363.464,46.0936,16.7534,43.657638,-79.803306,27.54,26.68,1.40,84400.69171
2025-01-10T15:57:59.651757Z,64.210,32.8155,362.608,53.3543,19.3467,43.658620,-79.805055,27.54,26.69,1.40,84400.87007
2025-01-10T15:58:09.651757Z,70.312,32.7060,363.269,64.5613,23.4531,43.659727,-79.806937,27.54,26.70,1.40,84401.06538
2025-01-10T15:58:19.651757Z,68.188,32.5926,363.268,66.9120,24.3070,43.660817,-79.808744,27.54,26.71,1.40,84401.25480
2025-01-10T15:58:29.651757Z,72.021,32.4702,363.700,72.0417,26.2016,43.661934,-79.810689,27.54,26.72,1.40,84401.45486
2025-01-10T15:58:39.651757Z,71.355,32.3484,362.137,72.0629,26.0967,43.663016,-79.812644,27.54,26.73,1.40,84401.65306
2025-01-10T15:58:49.651757Z,68.973,32.2282,363.640,70.8295,25.7564,43.664068,-79.814527,27.54,26.74,1.40,84401.84466
2025-01-10T15:58:59.651757Z,67.792,32.1231,362.079,62.1434,22.5008,43.665076,-79.816405,27.54,26.75,1.40,84402.03297
2025-01-10T15:59:09.651757Z,67.675,32.0258,362.294,57.5357,20.8448,43.666048,-79.818315,27.54,26.76,1.40,84402.22096
2025-01-10T15:59:19.651757Z,67.487,31.9416,362.202,49.7909,18.0343,43.666987,-79.820246,27.54,26.76,1.40,84402.40842
2025-01-10T15:59:29.651757Z,61.010,31.8858,363.029,32.9055,11.9456,43.667851,-79.821980,27.54,26.77,1.40,84402.57789
2025-01-10T15:59:39.651757Z,59.165,31.8444,362.152,24.4867,8.8679,43.668668,-79.823680,27.54,26.78,1.40,84402.74224
2025-01-10T15:59:49.651757Z,57.841,31.9397,362.565,-56.3071,-20.4149,43.669490,-79.825320,27.54,26.78,1.40,84402.90291
2025-01-10T15:59:59.651757Z,56.500,32.0341,363.410,-55.5885,-20.2014,43.670275,-79.826939,27.54,26.79,1.40,84403.05985
2025-01-10T16:00:09.651757Z,50.650,32.1181,362.020,-49.7163,-17.9983,43.670987,-79.828383,27.54,26.80,1.40,84403.20055
2025-01-10T16:00:19.651757Z,45.905,32.1976,363.416,-46.8568,-17.0285,43.671644,-79.829679,27.54,26.81,1.40,84403.32806
2025-01-10T16:00:29.651757Z,45.253,32.2773,362.599,-47.0784,-17.0706,43.672305,-79.830946,27.54,26.82,1.40,84403.45376
2025-01-10T16:00:39.651757Z,42.552,32.3534,363.009,-44.9033,-16.3003,43.672934,-79.832128,27.54,26.82,1.40,84403.57196
2025-01-10T16:00:49.651757Z,42.113,32.3311,363.306,13.1200,4.7666,43.673542,-79.833313,27.54,26.83,1.40,84403.68894
2025-01-10T16:00:59.651757Z,42.146,32.3017,363.085,17.3472,6.2985,43.674163,-79.834486,27.54,26.83,1.40,84403.80602
2025-01-10T16:01:09.651757Z,36.215,32.2566,363.279,26.5966,9.6620,43.674691,-79.835501,27.54,26.84,1.40,84403.90661
2025-01-10T16:01:19.651757Z,40.415,32.1967,362.399,35.4009,12.8292,43.675287,-79.836626,27.54,26.85,1.40,84404.01888
2025-01-10T16:01:29.651757Z,38.084,32.1252,363.535,42.1336,15.3170,43.675867,-79.837666,27.54,26.85,1.40,84404.12467
2025-01-10T16:01:39.651757Z,42.331,32.0395,362.959,50.5992,18.3654,43.676493,-79.838843,27.54,26.86,1.40,84404.24225
2025-01-10T16:01:49.651757Z,42.070,31.9516,363.337,51.8255,18.8301,43.677107,-79.840020,27.54,26.87,1.40,84404.35912
2025-01-10T16:01:59.651757Z,45.927,31.8540,362.433,57.6723,20.9023,43.677776,-79.841307,27.54,26.88,1.40,84404.48669
2025-01-10T16:02:09.651757Z,46.920,31.7595,361.571,55.9902,20.2444,43.678460,-79.842620,27.54,26.89,1.40,84404.61702
2025-01-10T16:02:19.651757Z,48.620,31.6755,361.748,49.7289,17.9893,43.679183,-79.843967,27.54,26.89,1.40,84404.75208
2025-01-10T16:02:29.651757Z,49.238,31.6006,362.927,44.2070,16.0439,43.679909,-79.845337,27.54,26.90,1.40,84404.88885
2025-01-10T16:02:39.651757Z,53.567,31.5353,363.317,38.5072,13.9903,43.680726,-79.846800,27.54,26.91,1.40,84405.03765
2025-01-10T16:02:49.651757Z,55.311,31.4810,363.116,32.0091,11.6230,43.681545,-79.848337,27.54,26.91,1.40,84405.19129
2025-01-10T16:02:59.651757Z,51.433,31.4402,361.533,24.1443,8.7290,43.682319,-79.849752,27.54,26.92,1.40,84405.33416
2025-01-10T16:03:09.651757Z,53.573,31.5285,362.357,-52.1959,-18.9136,43.683118,-79.851235,27.54,26.92,1.40,84405.48298
2025-01-10T16:03:19.651757Z,52.224,31.6133,362.798,-50.0662,-18.1639,43.683886,-79.852690,27.54,26.93,1.40,84405.62804
2025-01-10T16:03:29.651757Z,51.629,31.6990,361.785,-50.6857,-18.3373,43.684662,-79.854113,27.54,26.94,1.40,84405.77146
2025-01-10T16:03:39.651757Z,52.700,31.7825,361.699,-49.4820,-17.8976,43.685434,-79.855585,27.54,26.95,1.40,84405.91785
2025-01-10T16:03:49.651757Z,32.115,31.8486,362.077,-39.1233,-14.1657,43.685894,-79.856492,27.54,26.95,1.40,84406.00705
2025-01-10T16:03:59.651757Z,14.959,31.8583,362.613,-5.6789,-2.0593,43.686103,-79.856919,27.54,26.96,1.40,84406.04861
2025-01-10T16:04:09.651757Z,0.000,31.8595,362.992,-0.7522,-0.2730,43.686103,-79.856919,27.54,26.96,1.40,84406.04861
2025-01-11T01:56:22.530965Z,0.000,31.8424,362.369,10.1377,3.6736,43.686103,-79.856919,34.72,29.01,1.40,84406.04861
2025-01-11T01:56:32.530965Z,14.928,31.8103,363.153,18.8998,6.8635,43.685731,-79.856916,34.72,29.04,1.40,84406.09007
2025-01-11T01:56:42.530965Z,30.610,31.7590,363.453,30.2745,11.0033,43.684967,-79.856896,34.72,29.06,1.40,84406.17510
2025-01-11T01:56:52.530965Z,41.160,31.6884,361.591,41.7944,15.1125,43.683940,-79.856881,34.72,29.09,1.40,84406.28944
2025-01-11T01:57:02.530965Z,39.448,31.6089,362.254,47.0002,17.0260,43.682956,-79.856879,34.72,29.12,1.40,84406.39901
2025-01-11T01:57:12.530965Z,38.899,31.5247,363.297,49.6385,18.0335,43.681985,-79.856865,34.72,29.15,1.40,84406.50707
2025-01-11T01:57:22.530965Z,36.442,31.4402,362.431,49.9395,18.0996,43.681076,-79.856833,34.72,29.17,1.40,84406.60829
2025-01-11T01:57:32.530965Z,33.800,31.3560,361.544,49.8967,18.0399,43.680233,-79.856822,34.72,29.20,1.40,84406.70218
2025-01-11T01:57:42.530965Z,37.345,31.2769,362.228,46.7694,16.9412,43.679301,-79.856788,34.72,29.23,1.40,84406.80592
2025-01-11T01:57:52.530965Z,35.588,31.2080,361.978,40.7739,14.7593,43.678413,-79.856779,34.72,29.25,1.40,84406.90477
2025-01-11T01:58:02.530965Z,37.296,31.1477,362.689,35.6297,12.9225,43.677483,-79.856773,34.72,29.28,1.40,84407.00837
2025-01-11T01:58:12.530965Z,36.076,31.1073,362.574,23.8439,8.6452,43.676582,-79.856761,34.72,29.30,1.40,84407.10859
2025-01-11T01:58:22.530965Z,38.185,31.0795,362.008,16.4401,5.9514,43.675630,-79.856717,34.72,29.33,1.40,84407.21466
2025-01-11T01:58:32.530965Z,41.470,31.1559,361.160,-45.3120,-16.3649,43.674596,-79.856667,34.72,29.35,1.40,84407.32985
2025-01-11T01:58:42.530965Z,41.769,31.2351,362.635,-46.7740,-16.9619,43.673554,-79.856611,34.72,29.38,1.40,84407.44588
2025-01-11T01:58:52.530965Z,47.256,31.3157,362.152,-47.6284,-17.2487,43.672377,-79.856535,34.72,29.40,1.40,84407.57714
2025-01-11T01:59:02.530965Z,53.973,31.4023,362.517,-51.1775,-18.5527,43.671030,-79.856479,34.72,29.43,1.40,84407.72707
2025-01-11T01:59:12.530965Z,55.872,31.4934,363.082,-53.7554,-19.5176,43.669637,-79.856422,34.72,29.46,1.40,84407.88227
2025-01-11T01:59:22.530965Z,58.656,31.5894,362.360,-56.7472,-20.5629,43.668173,-79.856400,34.72,29.48,1.40,84408.04520
2025-01-11T01:59:32.530965Z,59.748,31.6826,363.134,-54.9575,-19.9570,43.666682,-79.856405,34.72,29.51,1.40,84408.21117
2025-01-11T01:59:42.530965Z,63.806,31.6282,362.716,32.1222,11.6512,43.665090,-79.856410,34.72,29.53,1.40,84408.38841
2025-01-11T01:59:52.530965Z,70.286,31.5528,361.586,44.6759,16.1542,43.663336,-79.856447,34.72,29.56,1.40,84408.58365
2025-01-11T02:00:02.530965Z,71.728,31.4635,362.844,52.7043,19.1234,43.661547,-79.856494,34.72,29.59,1.40,84408.78289
2025-01-11T02:00:12.530965Z,72.647,31.3581,361.580,62.4114,22.5667,43.659735,-79.856586,34.72,29.61,1.40,84408.98469
2025-01-11T02:00:22.530965Z,70.648,31.2416,363.206,68.7244,24.9611,43.657973,-79.856654,34.72,29.64,1.40,84409.18093
2025-01-11T02:00:32.530965Z,73.805,31.1181,362.781,72.9213,26.4545,43.656133,-79.856754,34.72,29.67,1.40,84409.38595
2025-01-11T02:00:42.530965Z,69.397,30.9981,361.891,71.0017,25.6949,43.654402,-79.856824,34.72,29.70,1.40,84409.57872
2025-01-11T02:00:52.530965Z,73.239,30.8693,362.502,76.0978,27.5856,43.652575,-79.856836,34.72,29.72,1.40,84409.78216
2025-01-11T02:01:02.530965Z,68.502,30.7518,362.689,69.4013,25.1711,43.650866,-79.856886,34.72,29.75,1.40,84409.97244
2025-01-11T02:01:12.530965Z,68.090,30.6456,362.733,62.7240,22.7521,43.649167,-79.856939,34.72,29.78,1.40,84410.16158
2025-01-11T02:01:22.530965Z,63.451,30.5553,361.969,53.4558,19.3494,43.647585,-79.857018,34.72,29.80,1.40,84410.33784
2025-01-11T02:01:32.530965Z,65.030,30.4821,361.681,43.3273,15.6706,43.645964,-79.857127,34.72,29.83,1.40,84410.51847
2025-01-11T02:01:42.530965Z,58.339,30.4282,361.728,31.9289,11.5496,43.644509,-79.857212,34.72,29.85,1.40,84410.68053
2025-01-11T02:01:52.530965Z,57.844,30.3879,362.088,23.8447,8.6339,43.643068,-79.857323,34.72,29.87,1.40,84410.84120
2025-01-11T02:02:02.530965Z,59.334,30.4850,360.904,-57.6240,-20.7967,43.641591,-79.857452,34.72,29.90,1.40,84411.00602
2025-01-11T02:02:12.530965Z,57.964,30.5767,361.651,-54.3448,-19.6539,43.640147,-79.857563,34.72,29.92,1.40,84411.16703
2025-01-11T02:02:22.530965Z,52.288,30.6654,360.930,-52.6283,-18.9952,43.638846,-79.857701,34.72,29.95,1.40,84411.31228
2025-01-11T02:02:32.530965Z,55.535,30.7528,362.501,-51.6608,-18.7271,43.637464,-79.857847,34.72,29.97,1.40,84411.46654
2025-01-11T02:02:42.530965Z,54.495,30.8391,361.249,-51.1495,-18.4777,43.636107,-79.857967,34.72,29.99,1.40,84411.61791
2025-01-11T02:02:52.530965Z,59.402,30.9339,361.730,-56.1083,-20.2961,43.634627,-79.858080,34.72,30.02,1.40,84411.78292
2025-01-11T02:03:02.530965Z,58.949,30.8937,362.013,23.7752,8.6069,43.633157,-79.858174,34.72,30.04,1.40,84411.94667
2025-01-11T02:03:12.530965Z,62.211,30.8330,361.454,35.9589,12.9975,43.631606,-79.858243,34.72,30.06,1.40,84412.11947
2025-01-11T02:03:22.530965Z,61.187,30.7584,362.297,44.1248,15.9863,43.630081,-79.858353,34.72,30.09,1.40,84412.28944
2025-01-11T02:03:32.530965Z,68.593,30.6640,362.352,55.7843,20.2136,43.628374,-79.858520,34.72,30.11,1.40,84412.47998
2025-01-11T02:03:42.530965Z,67.881,30.5588,361.251,62.3938,22.5398,43.626687,-79.858736,34.72,30.13,1.40,84412.66854
2025-01-11T02:03:52.530965Z,70.325,30.4433,361.986,68.3282,24.7338,43.624944,-79.859019,34.72,30.16,1.40,84412.86388
2025-01-11T02:04:02.530965Z,73.900,30.3156,362.111,75.5210,27.3470,43.623114,-79.859329,34.72,30.19,1.40,84413.06916
2025-01-11T02:04:12.530965Z,79.610,30.1808,362.055,79.7534,28.8751,43.621148,-79.859720,34.72,30.21,1.40,84413.29030
2025-01-11T02:04:22.530965Z,78.655,30.0482,361.135,78.6462,28.4019,43.619203,-79.860082,34.72,30.24,1.40,84413.50879
2025-01-11T02:04:32.530965Z,79.159,29.9254,361.360,72.8109,26.3109,43.617243,-79.860423,34.72,30.26,1.40,84413.72867
2025-01-11T02:04:42.530965Z,79.218,29.8118,360.814,67.4395,24.3331,43.615286,-79.860813,34.72,30.29,1.40,84413.94872
2025-01-11T02:04:52.530965Z,84.774,29.7019,361.576,65.1314,23.5500,43.613186,-79.861161,34.72,30.31,1.40,84414.18421
2025-01-11T02:05:02.530965Z,80.181,29.6149,361.883,51.4917,18.6340,43.611194,-79.861425,34.72,30.34,1.40,84414.40693
2025-01-11T02:05:12.530965Z,81.610,29.5425,362.162,42.7809,15.4936,43.609163,-79.861623,34.72,30.36,1.40,84414.63363
2025-01-11T02:05:22.530965Z,76.177,29.6515,360.683,-64.6957,-23.3346,43.607265,-79.861751,34.72,30.38,1.40,84414.84523
2025-01-11T02:05:32.530965Z,76.849,29.7620,361.899,-65.4372,-23.6816,43.605351,-79.861930,34.72,30.40,1.40,84415.05870
2025-01-11T02:05:42.530965Z,76.308,29.8704,362.204,-64.0665,-23.2051,43.603453,-79.862134,34.72,30.43,1.40,84415.27066
2025-01-11T02:05:52.530965Z,69.399,29.9724,361.311,-60.4656,-21.8469,43.601724,-79.862269,34.72,30.45,1.40,84415.46344
2025-01-11T02:06:02.530965Z,65.646,30.0759,361.650,-61.3556,-22.1893,43.600091,-79.862441,34.72,30.48,1.40,84415.64579
2025-01-11T02:06:12.530965Z,65.568,30.1782,362.270,-60.4330,-21.8930,43.598462,-79.862656,34.72,30.50,1.40,84415.82792
2025-01-11T02:06:22.530965Z,63.046,30.1322,362.087,27.1961,9.8474,43.596894,-79.862831,34.72,30.52,1.40,84416.00305
2025-01-11T02:06:32.530965Z,58.685,30.0797,361.844,31.0877,11.2489,43.595432,-79.862948,34.72,30.54,1.40,84416.16607
2025-01-11T02:06:42.530965Z,60.865,30.0141,361.048,38.8913,14.0416,43.593917,-79.863098,34.72,30.56,1.40,84416.33513
2025-01-11T02:06:52.530965Z,56.653,29.9383,360.788,44.9874,16.2309,43.592508,-79.863262,34.72,30.58,1.40,84416.49250
2025-01-11T02:07:02.530965Z,52.699,29.8488,362.362,52.9001,19.1690,43.591199,-79.863435,34.72,30.60,1.40,84416.63889
2025-01-11T02:07:12.530965Z,53.741,29.7540,362.019,56.1229,20.3175,43.589865,-79.863613,34.72,30.62,1.40,84416.78817
2025-01-11T02:07:22.530965Z,55.876,29.6494,361.220,62.0505,22.4139,43.588480,-79.863836,34.72,30.65,1.40,84416.94338
2025-01-11T02:07:32.530965Z,55.253,29.5446,362.303,61.9404,22.4412,43.587107,-79.864013,34.72,30.67,1.40,84417.09686
2025-01-11T02:07:42.530965Z,54.630,29.4468,361.391,57.9420,20.9397,43.585751,-79.864210,34.72,30.69,1.40,84417.24861
2025-01-11T02:07:52.530965Z,56.258,29.3492,360.528,58.0288,20.9210,43.584353,-79.864376,34.72,30.71,1.40,84417.40488
2025-01-11T02:08:02.530965Z,61.202,29.2611,360.688,52.3036,18.8653,43.582831,-79.864558,34.72,30.73,1.40,84417.57489
2025-01-11T02:08:12.530965Z,64.681,29.1772,360.950,49.8049,17.9771,43.581221,-79.864716,34.72,30.76,1.40,84417.75456
2025-01-11T02:08:22.530965Z,67.753,29.1055,360.782,42.5414,15.3482,43.579533,-79.864849,34.72,30.78,1.40,84417.94276
2025-01-11T02:08:32.530965Z,64.697,29.0484,361.876,33.7868,12.2266,43.577924,-79.865019,34.72,30.80,1.40,84418.12247
2025-01-11T02:08:42.530965Z,69.833,29.1491,361.345,-59.6929,-21.5698,43.576185,-79.865177,34.72,30.82,1.40,84418.31645
2025-01-11T02:08:52.530965Z,72.559,29.2538,360.205,-62.2348,-22.4173,43.574380,-79.865367,34.72,30.84,1.40,84418.51801
2025-01-11T02:09:02.530965Z,71.240,29.3576,362.026,-61.4372,-22.2419,43.572606,-79.865535,34.72,30.86,1.40,84418.71590
2025-01-11T02:09:12.530965Z,73.224,29.4634,360.434,-62.8511,-22.6537,43.570782,-79.865679,34.72,30.88,1.40,84418.91929
2025-01-11T02:09:22.530965Z,73.447,29.5686,361.317,-62.4061,-22.5484,43.568954,-79.865871,34.72,30.90,1.40,84419.12331
2025-01-11T02:09:32.530965Z,69.214,29.6760,360.333,-63.7895,-22.9855,43.567230,-79.866002,34.72,30.93,1.40,84419.31557
2025-01-11T02:09:42.530965Z,68.937,29.7825,360.500,-63.3218,-22.8275,43.565511,-79.866093,34.72,30.95,1.40,84419.50707
2025-01-11T02:09:52.530965Z,68.066,29.7199,362.120,37.0585,13.4196,43.563813,-79.866155,34.72,30.97,1.40,84419.69614
2025-01-11T02:10:02.530965Z,63.928,29.6496,361.080,41.7071,15.0596,43.562219,-79.866243,34.72,30.99,1.40,84419.87371
2025-01-11T02:10:12.530965Z,60.896,29.5705,360.618,46.9853,16.9437,43.560700,-79.866309,34.72,31.01,1.40,84420.04287
2025-01-11T02:10:22.530965Z,59.250,29.4802,360.418,53.6296,19.3291,43.559222,-79.866333,34.72,31.03,1.40,84420.20745
2025-01-11T02:10:32.530965Z,55.419,29.3825,360.572,58.0649,20.9366,43.557840,-79.866379,34.72,31.05,1.40,84420.36139
2025-01-11T02:10:42.530965Z,49.236,29.2869,360.355,56.8144,20.4733,43.556612,-79.866426,34.72,31.07,1.40,84420.49816
2025-01-11T02:10:52.530965Z,46.998,29.1918,360.801,56.4529,20.3683,43.555440,-79.866487,34.72,31.09,1.40,84420.62871
2025-01-11T02:11:02.530965Z,40.640,29.1039,361.199,52.1079,18.8214,43.554426,-79.866509,34.72,31.11,1.40,84420.74160
2025-01-11T02:11:12.530965Z,39.764,29.0244,360.847,47.1904,17.0285,43.553433,-79.866517,34.72,31.13,1.40,84420.85205
2025-01-11T02:11:22.530965Z,39.753,28.9531,360.507,42.3798,15.2782,43.552442,-79.866497,34.72,31.14,1.40,84420.96248
2025-01-11T02:11:32.530965Z,38.429,28.8977,360.496,32.9429,11.8758,43.551483,-79.866468,34.72,31.16,1.40,84421.06922
2025-01-11T02:11:42.530965Z,33.780,28.8543,360.581,25.7615,9.2891,43.550641,-79.866422,34.72,31.18,1.40,84421.16306
2025-01-11T02:11:52.530965Z,32.474,28.8261,360.385,16.7834,6.0485,43.549832,-79.866360,34.72,31.20,1.40,84421.25326
2025-01-11T02:12:02.530965Z,33.928,28.8905,359.895,-38.3275,-13.7939,43.548987,-79.866275,34.72,31.21,1.40,84421.34751
2025-01-11T02:12:12.530965Z,34.891,28.9582,360.441,-40.2608,-14.5117,43.548118,-79.866204,34.72,31.23,1.40,84421.44443
2025-01-11T02:12:22.530965Z,33.519,29.0228,360.078,-38.4155,-13.8326,43.547284,-79.866117,34.72,31.25,1.40,84421.53753
2025-01-11T02:12:32.530965Z,36.228,29.0915,360.677,-40.8024,-14.7165,43.546384,-79.866003,34.72,31.27,1.40,84421.63817
2025-01-11T02:12:42.530965Z,37.593,29.1596,361.012,-40.4112,-14.5889,43.545452,-79.865856,34.72,31.28,1.40,84421.74259
2025-01-11T02:12:52.530965Z,25.944,29.2221,361.809,-37.0235,-13.3954,43.544808,-79.865764,34.72,31.30,1.40,84421.81466
2025-01-11T02:13:02.530965Z,13.560,29.2200,361.498,1.2648,0.4572,43.544471,-79.865726,34.72,31.32,1.40,84421.85233
2025-01-11T02:13:12.530965Z,0.000,29.2099,360.934,6.0151,2.1711,43.544471,-79.865726,34.72,31.33,1.40,84421.85233
